Workbook

Sheet Overview
A1: QC overview – all subjects
A2: Everything on this sheet is a live formula over the Subjects sheet (counts, %, averages). Blue cell = the only typed input.
A4: 1. Coverage | B4: Value
A5: Expected subjects (sub-001 … sub-608) | B5: 608
A6: Subjects in file | B6: =COUNTA(Subjects!$A$2:$A$609) -> 608
A7: Missing subjects | B7: =B5-B6 -> 0
A8: Duplicate subject rows | B8: =B6-SUMPRODUCT(1/COUNTIF(Subjects!$A$2:$A$609,Subjects!$A$2:$A$609)) -> 0
A10: 2. Subject status | B10: Subjects | C10: % of all
A11: COMPLETED (analysed) | B11: =COUNTIF(Subjects!$B$2:$B$609,"COMPLETED") -> 427 | C11: =B11/$B$6 -> 0.70230263
A12: REJECTED (screened out, no QC) | B12: =COUNTIF(Subjects!$B$2:$B$609,"REJECTED") -> 181 | C12: =B12/$B$6 -> 0.29769737
A13: Total | B13: =B11+B12 -> 608 | C13: =B13/$B$6 -> 1
A15: 3. Why subjects were rejected | B15: Subjects | C15: % of rejected
A16: Age above 60 (any) | B16: =COUNTIFS(Subjects!$B$2:$B$609,"REJECTED",Subjects!$F$2:$F$609,"*Age above*") -> 94 | C16: =B16/$B$12 -> 0.51933702
A17: Late triggers (any) | B17: =COUNTIFS(Subjects!$B$2:$B$609,"REJECTED",Subjects!$F$2:$F$609,"*Late triggers*") -> 99 | C17: =B17/$B$12 -> 0.54696133
A18: Both reasons | B18: =COUNTIFS(Subjects!$B$2:$B$609,"REJECTED",Subjects!$F$2:$F$609,"*Age above*",Subjects!$F$2:$F$609,"*Late triggers*") -> 12 | C18: =B18/$B$12 -> 0.066298343
A19: Age only | B19: =B16-B18 -> 82 | C19: =B19/$B$12 -> 0.45303867
A20: Late triggers only | B20: =B17-B18 -> 87 | C20: =B20/$B$12 -> 0.48066298
A21: Total rejected (unique) | B21: =B19+B20+B18 -> 181 | C21: =B21/$B$12 -> 1
A23: 4. QC verdict of analysed subjects | B23: Subjects | C23: % of analysed
A24: PASS | B24: =COUNTIF(Subjects!$C$2:$C$609,"PASS") -> 6 | C24: =B24/$B$11 -> 0.014051522
A25: FLAG | B25: =COUNTIF(Subjects!$C$2:$C$609,"FLAG") -> 186 | C25: =B25/$B$11 -> 0.43559719
A26: FAIL | B26: =COUNTIF(Subjects!$C$2:$C$609,"FAIL") -> 235 | C26: =B26/$B$11 -> 0.55035129
A27: Total | B27: =SUM(B24:B26) -> 427 | C27: =B27/$B$11 -> 1
A29: 5. Subject usability label (analysed) | B29: Subjects | C29: % of analysed
A30: USABLE | B30: =COUNTIF(Subjects!$D$2:$D$609,"USABLE") -> 3 | C30: =B30/$B$11 -> 0.0070257611
A31: USABLE_WITH_FLAGS | B31: =COUNTIF(Subjects!$D$2:$D$609,"USABLE_WITH_FLAGS") -> 8 | C31: =B31/$B$11 -> 0.018735363
A32: USABLE_NEEDS_INTERPOLATION | B32: =COUNTIF(Subjects!$D$2:$D$609,"USABLE_NEEDS_INTERPOLATION") -> 181 | C32: =B32/$B$11 -> 0.42388759
A33: PARTIALLY_USABLE | B33: =COUNTIF(Subjects!$D$2:$D$609,"PARTIALLY_USABLE") -> 230 | C33: =B33/$B$11 -> 0.53864169
A34: REJECT | B34: =COUNTIF(Subjects!$D$2:$D$609,"REJECT") -> 5 | C34: =B34/$B$11 -> 0.011709602
A35: Total | B35: =SUM(B30:B34) -> 427 | C35: =B35/$B$11 -> 1
A37: 6. Recording level (analysed subjects) | B37: Recordings | C37: % of expected
A38: Recordings expected | B38: =SUM(Subjects!$K$2:$K$609) -> 2276 | C38: =B38/$B$38 -> 1
A39: PASS | B39: =SUM(Subjects!$L$2:$L$609) -> 530 | C39: =B39/$B$38 -> 0.23286467
A40: FLAG | B40: =SUM(Subjects!$M$2:$M$609) -> 1290 | C40: =B40/$B$38 -> 0.56678383
A41: FAIL | B41: =SUM(Subjects!$N$2:$N$609) -> 456 | C41: =B41/$B$38 -> 0.20035149
A42: MISSING | B42: =SUM(Subjects!$O$2:$O$609) -> 0 | C42: =B42/$B$38 -> 0
A43: Usable recordings | B43: =SUM(Subjects!$P$2:$P$609) -> 1820 | C43: =B43/$B$38 -> 0.79964851
A44: USABLE | B44: =SUM(Subjects!$Q$2:$Q$609) -> 261 | C44: =B44/$B$38 -> 0.11467487
A45: USABLE_WITH_FLAGS | B45: =SUM(Subjects!$R$2:$R$609) -> 305 | C45: =B45/$B$38 -> 0.13400703
A46: USABLE_NEEDS_INTERPOLATION | B46: =SUM(Subjects!$S$2:$S$609) -> 1254 | C46: =B46/$B$38 -> 0.55096661
A47: REJECT | B47: =SUM(Subjects!$T$2:$T$609) -> 456 | C47: =B47/$B$38 -> 0.20035149
A49: 7. Demographics (all subjects) | B49: Subjects | C49: % of all
A50: Female | B50: =COUNTIF(Subjects!$G$2:$G$609,"F") -> 376 | C50: =B50/$B$6 -> 0.61842105
A51: Male | B51: =COUNTIF(Subjects!$G$2:$G$609,"M") -> 232 | C51: =B51/$B$6 -> 0.38157895
A52: Right-handed | B52: =COUNTIF(Subjects!$I$2:$I$609,"right") -> 566 | C52: =B52/$B$6 -> 0.93092105
A53: Left-handed | B53: =COUNTIF(Subjects!$I$2:$I$609,"left") -> 40 | C53: =B53/$B$6 -> 0.065789474
A54: Handedness n/a | B54: =COUNTIF(Subjects!$I$2:$I$609,"n/a") -> 2 | C54: =B54/$B$6 -> 0.0032894737
A55: Analysed with 1 session (ses-1) | B55: =COUNTIFS(Subjects!$B$2:$B$609,"COMPLETED",Subjects!$J$2:$J$609,"ses-1") -> 285 | C55: =B55/$B$11 -> 0.66744731
A56: Analysed with 2 sessions (ses-1, ses-2) | B56: =COUNTIFS(Subjects!$B$2:$B$609,"COMPLETED",Subjects!$J$2:$J$609,"ses-1, ses-2") -> 142 | C56: =B56/$B$11 -> 0.33255269
A58: 8. Age bands | B58: Analysed | C58: Rejected | D58: All | E58: Rejection rate
A59: 20–29 | B59: =SUMPRODUCT((Subjects!$B$2:$B$609="COMPLETED")*(VALUE(Subjects!$H$2:$H$609)>=20)*(VALUE(Subjects!$H$2:$H$609)<=29)) -> 112 | C59: =SUMPRODUCT((Subjects!$B$2:$B$609="REJECTED")*(VALUE(Subjects!$H$2:$H$609)>=20)*(VALUE(Subjects!$H$2:$H$609)<=29)) -> 25 | D59: =B59+C59 -> 137 | E59: =IF(D59=0,0,C59/D59) -> 0.18248175
A60: 30–39 | B60: =SUMPRODUCT((Subjects!$B$2:$B$609="COMPLETED")*(VALUE(Subjects!$H$2:$H$609)>=30)*(VALUE(Subjects!$H$2:$H$609)<=39)) -> 96 | C60: =SUMPRODUCT((Subjects!$B$2:$B$609="REJECTED")*(VALUE(Subjects!$H$2:$H$609)>=30)*(VALUE(Subjects!$H$2:$H$609)<=39)) -> 15 | D60: =B60+C60 -> 111 | E60: =IF(D60=0,0,C60/D60) -> 0.13513514
A61: 40–49 | B61: =SUMPRODUCT((Subjects!$B$2:$B$609="COMPLETED")*(VALUE(Subjects!$H$2:$H$609)>=40)*(VALUE(Subjects!$H$2:$H$609)<=49)) -> 96 | C61: =SUMPRODUCT((Subjects!$B$2:$B$609="REJECTED")*(VALUE(Subjects!$H$2:$H$609)>=40)*(VALUE(Subjects!$H$2:$H$609)<=49)) -> 15 | D61: =B61+C61 -> 111 | E61: =IF(D61=0,0,C61/D61) -> 0.13513514
A62: 50–60 | B62: =SUMPRODUCT((Subjects!$B$2:$B$609="COMPLETED")*(VALUE(Subjects!$H$2:$H$609)>=50)*(VALUE(Subjects!$H$2:$H$609)<=60)) -> 123 | C62: =SUMPRODUCT((Subjects!$B$2:$B$609="REJECTED")*(VALUE(Subjects!$H$2:$H$609)>=50)*(VALUE(Subjects!$H$2:$H$609)<=60)) -> 32 | D62: =B62+C62 -> 155 | E62: =IF(D62=0,0,C62/D62) -> 0.20645161
A63: 61 and above | B63: =SUMPRODUCT((Subjects!$B$2:$B$609="COMPLETED")*(VALUE(Subjects!$H$2:$H$609)>=61)*(VALUE(Subjects!$H$2:$H$609)<=200)) -> 0 | C63: =SUMPRODUCT((Subjects!$B$2:$B$609="REJECTED")*(VALUE(Subjects!$H$2:$H$609)>=61)*(VALUE(Subjects!$H$2:$H$609)<=200)) -> 94 | D63: =B63+C63 -> 94 | E63: =IF(D63=0,0,C63/D63) -> 1
A64: Total | B64: =SUM(B59:B63) -> 427 | C64: =SUM(C59:C63) -> 181 | D64: =SUM(D59:D63) -> 608 | E64: =C64/D64 -> 0.29769737
A65: Mean age (years) | B65: =SUMPRODUCT((Subjects!$B$2:$B$609="COMPLETED")*VALUE(Subjects!$H$2:$H$609))/B11 -> 39.918033 | C65: =SUMPRODUCT((Subjects!$B$2:$B$609="REJECTED")*VALUE(Subjects!$H$2:$H$609))/B12 -> 53.856354 | D65: =SUMPRODUCT(VALUE(Subjects!$H$2:$H$609))/B6 -> 44.067434
A67: 9. Most common problems (analysed subjects with the code) | B67: Subjects | C67: % of analysed
A68: CRITICAL_CHANNEL_BAD | B68: =SUMPRODUCT(--ISNUMBER(SEARCH("; CRITICAL_CHANNEL_BAD;","; "&Subjects!$W$2:$W$609&";"))) -> 381 | C68: =B68/$B$11 -> 0.89227166
A69: TOO_MANY_BAD_CHANNELS | B69: =SUMPRODUCT(--ISNUMBER(SEARCH("; TOO_MANY_BAD_CHANNELS;","; "&Subjects!$W$2:$W$609&";"))) -> 228 | C69: =B69/$B$11 -> 0.53395785
A70: LINE_NOISE | B70: =SUMPRODUCT(--ISNUMBER(SEARCH("; LINE_NOISE;","; "&Subjects!$W$2:$W$609&";"))) -> 202 | C70: =B70/$B$11 -> 0.47306792
A71: LOW_ALPHA_PROMINENCE | B71: =SUMPRODUCT(--ISNUMBER(SEARCH("; LOW_ALPHA_PROMINENCE;","; "&Subjects!$W$2:$W$609&";"))) -> 146 | C71: =B71/$B$11 -> 0.34192037
A72: WEAK_ALPHA_BLOCKING | B72: =SUMPRODUCT(--ISNUMBER(SEARCH("; WEAK_ALPHA_BLOCKING;","; "&Subjects!$W$2:$W$609&";"))) -> 133 | C72: =B72/$B$11 -> 0.31147541
A73: NO_ALPHA_BLOCKING | B73: =SUMPRODUCT(--ISNUMBER(SEARCH("; NO_ALPHA_BLOCKING;","; "&Subjects!$W$2:$W$609&";"))) -> 120 | C73: =B73/$B$11 -> 0.28103044
A74: CRITICAL_CHANNELS_BAD | B74: =SUMPRODUCT(--ISNUMBER(SEARCH("; CRITICAL_CHANNELS_BAD;","; "&Subjects!$W$2:$W$609&";"))) -> 16 | C74: =B74/$B$11 -> 0.037470726
A75: HIGH_LINE_NOISE | B75: =SUMPRODUCT(--ISNUMBER(SEARCH("; HIGH_LINE_NOISE;","; "&Subjects!$W$2:$W$609&";"))) -> 16 | C75: =B75/$B$11 -> 0.037470726
A76: DURATION_S | B76: =SUMPRODUCT(--ISNUMBER(SEARCH("; DURATION_S;","; "&Subjects!$W$2:$W$609&";"))) -> 14 | C76: =B76/$B$11 -> 0.032786885
A78: 10. Critical channel flagged bad (analysed) | B78: Subjects | C78: % of analysed
A79: Fz | B79: =SUMPRODUCT(--ISNUMBER(SEARCH(", Fz,",", "&Subjects!$V$2:$V$609&","))) -> 375 | C79: =B79/$B$11 -> 0.87822014
A80: Cz | B80: =SUMPRODUCT(--ISNUMBER(SEARCH(", Cz,",", "&Subjects!$V$2:$V$609&","))) -> 35 | C80: =B80/$B$11 -> 0.081967213
A81: Pz | B81: =SUMPRODUCT(--ISNUMBER(SEARCH(", Pz,",", "&Subjects!$V$2:$V$609&","))) -> 0 | C81: =B81/$B$11 -> 0
A82: O1 | B82: =SUMPRODUCT(--ISNUMBER(SEARCH(", O1,",", "&Subjects!$V$2:$V$609&","))) -> 0 | C82: =B82/$B$11 -> 0
A83: O2 | B83: =SUMPRODUCT(--ISNUMBER(SEARCH(", O2,",", "&Subjects!$V$2:$V$609&","))) -> 1 | C83: =B83/$B$11 -> 0.0023419204
A85: 11. Signal metrics (analysed subjects) | B85: Median | C85: Mean | D85: Min | E85: Max
A86: Alpha ratio eyes-closed / eyes-open | B86: =MEDIAN(Subjects!$X$2:$X$609) -> 3.19 | C86: =AVERAGE(Subjects!$X$2:$X$609) -> 4.6994379 | D86: =MIN(Subjects!$X$2:$X$609) -> 0.03 | E86: =MAX(Subjects!$X$2:$X$609) -> 36.78
A87: Line noise at 50 Hz (dB) | B87: =MEDIAN(Subjects!$Y$2:$Y$609) -> 14.2 | C87: =AVERAGE(Subjects!$Y$2:$Y$609) -> 14.282201 | D87: =MIN(Subjects!$Y$2:$Y$609) -> 0.8 | E87: =MAX(Subjects!$Y$2:$Y$609) -> 31.2
A88: QC run time per subject (s) | B88: =MEDIAN(Subjects!$Z$2:$Z$609) -> 48.35 | C88: =AVERAGE(Subjects!$Z$2:$Z$609) -> 46.219408 | D88: =MIN(Subjects!$Z$2:$Z$609) -> 0 | E88: =MAX(Subjects!$Z$2:$Z$609) -> 503.9
A90: 12. Key takeaways (text updates with the data)
A91: ="Rejected before QC: "&B12&" of "&B6&" subjects ("&TEXT(C12,"0.0%")&"). All by protocol rules (age above 60 or late triggers), none by signal quality." -> Rejected before QC: 181 of 608 subjects (29.8%). All by protocol rules (age above 60 or late triggers), none by signal quality.
A92: ="Late triggers hit "&B17&" subjects ("&TEXT(B17/B6,"0.0%")&" of all) – an acquisition/timing issue, worth checking by session date." -> Late triggers hit 99 subjects (16.3% of all) – an acquisition/timing issue, worth checking by session date.
A93: ="Only "&B24&" of "&B11&" analysed subjects are PASS; "&B26&" ("&TEXT(C26,"0.0%")&") are FAIL at subject level." -> Only 6 of 427 analysed subjects are PASS; 235 (55.0%) are FAIL at subject level.
A94: ="Recording level is better: "&TEXT(C43,"0.0%")&" of recordings are usable ("&B43&" of "&B38&"); "&B41&" are FAIL/REJECT." -> Recording level is better: 80.0% of recordings are usable (1820 of 2276); 456 are FAIL/REJECT.
A95: ="Fz is flagged as a critical bad channel in "&B79&" of "&B11&" analysed subjects ("&TEXT(C79,"0.0%")&") – this looks systematic (electrode/montage), not subject-specific." -> Fz is flagged as a critical bad channel in 375 of 427 analysed subjects (87.8%) – this looks systematic (electrode/montage), not subject-specific.

Sheet Subjects
A1: subject | B1: status | C1: qc_verdict | D1: screening_label | E1: headline | F1: rejection_reasons | G1: sex | H1: age | I1: handedness | J1: sessions_analysed | K1: recordings_expected | L1: PASS | M1: FLAG | N1: FAIL | O1: MISSING | P1: usable_recordings | Q1: USABLE | R1: USABLE_WITH_FLAGS | S1: USABLE_NEEDS_INTERPOLATION | T1: REJECT | U1: bad_channels (count of recordings) | V1: critical_bad_channels | W1: reason_codes | X1: alpha_ratio_EC_EO_median | Y1: line50_db_median | Z1: duration_s | AA1: started | AB1: finished | AC1: data_deleted_after_qc | AD1: mb_freed | AE1: retry_needed | AF1: qc_logic_version | AG1: folder
A2: sub-001 | B2: COMPLETED | C2: FAIL | D2: PARTIALLY_USABLE | E2: overall FAIL; PARTIALLY_USABLE: 5/8 recordings usable; bad channels in 6 recording(s) (FC1, AF3, AF7); alpha blocking OK (median 2.4); notch filter suggested for 4/8 recordings | G2: F | H2: 60 | I2: right | J2: ses-1, ses-2 | K2: 8 | L2: 0 | M2: 5 | N2: 3 | O2: 0 | P2: 5 | Q2: 0 | R2: 2 | S2: 3 | T2: 3 | U2: FC1 x4, F3 x3, Fz x3, F4 x3, AF7 x3, AF3 x3, AF4 x3, AF8 x3, F5 x3, F1 x3, F2 x3, F6 x3, Fp1 x2, Fp2 x2, FC2 x2, Cz x1 | V2: Cz, Fz | W2: CRITICAL_CHANNEL_BAD; LINE_NOISE; TOO_MANY_BAD_CHANNELS; USABLE_NEEDS_INTERPOLATION; WEAK_ALPHA_BLOCKING | X2: 2.42 | Y2: 15.6 | Z2: 81.3 | AA2: 2026-10-21T14:03:40+00:00 | AB2: 2026-10-21T14:05:01+00:00 | AC2: yes | AD2: 193 | AE2: =FALSE() -> FALSE | AF2: screening-2.2 | AG2: qc_output/sub-001
A3: sub-002 | B3: REJECTED | E3: Rejected: Age above 60 (67) | F3: Age above 60 (67) | G3: M | H3: 67 | I3: right | Z3: 0 | AA3: 2026-10-21T14:13:02+00:00 | AB3: 2026-10-21T14:13:02+00:00 | AE3: =FALSE() -> FALSE | AF3: screening-2.2 | AG3: qc_output/sub-002
A4: sub-003 | B4: COMPLETED | C4: FAIL | D4: PARTIALLY_USABLE | E4: overall FAIL; PARTIALLY_USABLE: 2/4 recordings usable; bad channels in 3 recording(s) (AF3, AF4, F1); alpha blocking OK (median 7.8); notch filter suggested for 4/4 recordings | G4: F | H4: 44 | I4: right | J4: ses-1 | K4: 4 | L4: 2 | M4: 0 | N4: 2 | O4: 0 | P4: 2 | Q4: 1 | R4: 0 | S4: 1 | T4: 2 | U4: Fp1 x2, Fp2 x2, Fz x2, F4 x2, AF3 x2, AF4 x2, F1 x2, F2 x2, F6 x2, FC2 x1, FC6 x1, FC4 x1 | V4: Fz | W4: CRITICAL_CHANNEL_BAD; TOO_MANY_BAD_CHANNELS; USABLE_NEEDS_INTERPOLATION | X4: 7.78 | Y4: 16.3 | Z4: 41.3 | AA4: 2026-10-21T14:13:03+00:00 | AB4: 2026-10-21T14:13:44+00:00 | AC4: yes | AD4: 101 | AE4: =FALSE() -> FALSE | AF4: screening-2.2 | AG4: qc_output/sub-003
A5: sub-004 | B5: COMPLETED | C5: FLAG | D5: USABLE_NEEDS_INTERPOLATION | E5: overall FLAG; USABLE_NEEDS_INTERPOLATION: 4/4 recordings usable; bad channels in 2 recording(s) (FC4, FC6); alpha blocking OK (median 13.2); notch filter suggested for 1/4 recordings | G5: F | H5: 24 | I5: right | J5: ses-1 | K5: 4 | L5: 2 | M5: 2 | N5: 0 | O5: 0 | P5: 4 | Q5: 1 | R5: 1 | S5: 2 | T5: 0 | U5: FC6 x2, FC4 x2 | W5: LINE_NOISE; USABLE_NEEDS_INTERPOLATION; WEAK_ALPHA_BLOCKING | X5: 13.19 | Y5: 9.2 | Z5: 44 | AA5: 2026-10-21T14:09:31+00:00 | AB5: 2026-10-21T14:10:15+00:00 | AC5: yes | AD5: 102 | AE5: =FALSE() -> FALSE | AF5: screening-2.2 | AG5: qc_output/sub-004
A6: sub-005 | B6: REJECTED | E6: Rejected: Late triggers (late_ses1=0, late_ses2=5) | F6: Late triggers (late_ses1=0, late_ses2=5) | G6: F | H6: 48 | I6: right | Z6: 0 | AA6: 2026-10-21T14:13:44+00:00 | AB6: 2026-10-21T14:13:44+00:00 | AE6: =FALSE() -> FALSE | AF6: screening-2.2 | AG6: qc_output/sub-005
A7: sub-006 | B7: COMPLETED | C7: FLAG | D7: USABLE_NEEDS_INTERPOLATION | E7: overall FLAG; USABLE_NEEDS_INTERPOLATION: 4/4 recordings usable; bad channels in 4 recording(s) (F1, FC1, Fz); alpha blocking weak (flag only) (median 1.2); notch filter suggested for 4/4 recordings | G7: F | H7: 57 | I7: right | J7: ses-1 | K7: 4 | L7: 0 | M7: 4 | N7: 0 | O7: 0 | P7: 4 | Q7: 0 | R7: 0 | S7: 4 | T7: 0 | U7: Fz x2, F1 x2, FC1 x2, F4 x1, F2 x1, F6 x1, F8 x1, FC5 x1, FC3 x1, F7 x1, AF8 x1 | V7: Fz | W7: CRITICAL_CHANNEL_BAD; LINE_NOISE; USABLE_NEEDS_INTERPOLATION; WEAK_ALPHA_BLOCKING | X7: 1.25 | Y7: 20.1 | Z7: 45.3 | AA7: 2026-10-21T14:13:44+00:00 | AB7: 2026-10-21T14:14:29+00:00 | AC7: yes | AD7: 96 | AE7: =FALSE() -> FALSE | AF7: screening-2.2 | AG7: qc_output/sub-006
A8: sub-007 | B8: COMPLETED | C8: FLAG | D8: USABLE_NEEDS_INTERPOLATION | E8: overall FLAG; USABLE_NEEDS_INTERPOLATION: 4/4 recordings usable; bad channels in 1 recording(s) (F2, F6, Fz); alpha blocking OK (median 3.5); notch filter suggested for 3/4 recordings | G8: F | H8: 24 | I8: right | J8: ses-1 | K8: 4 | L8: 0 | M8: 4 | N8: 0 | O8: 0 | P8: 4 | Q8: 0 | R8: 3 | S8: 1 | T8: 0 | U8: Fz x1, F2 x1, F6 x1 | V8: Fz | W8: CRITICAL_CHANNEL_BAD; LINE_NOISE; NO_ALPHA_BLOCKING; USABLE_NEEDS_INTERPOLATION | X8: 3.48 | Y8: 19.6 | Z8: 41.1 | AA8: 2026-10-21T14:11:04+00:00 | AB8: 2026-10-21T14:11:45+00:00 | AC8: yes | AD8: 97 | AE8: =FALSE() -> FALSE | AF8: screening-2.2 | AG8: qc_output/sub-007
A9: sub-008 | B9: REJECTED | E9: Rejected: Late triggers (late_ses1=1901, late_ses2=n/a) | F9: Late triggers (late_ses1=1901, late_ses2=n/a) | G9: M | H9: 39 | I9: left | Z9: 0 | AA9: 2026-10-21T14:14:30+00:00 | AB9: 2026-10-21T14:14:30+00:00 | AE9: =FALSE() -> FALSE | AF9: screening-2.2 | AG9: qc_output/sub-008
A10: sub-009 | B10: REJECTED | E10: Rejected: Late triggers (late_ses1=2080, late_ses2=n/a) | F10: Late triggers (late_ses1=2080, late_ses2=n/a) | G10: F | H10: 37 | I10: right | Z10: 0 | AA10: 2026-10-21T14:14:30+00:00 | AB10: 2026-10-21T14:14:30+00:00 | AE10: =FALSE() -> FALSE | AF10: screening-2.2 | AG10: qc_output/sub-009
A11: sub-010 | B11: COMPLETED | C11: FLAG | D11: USABLE_NEEDS_INTERPOLATION | E11: overall FLAG; USABLE_NEEDS_INTERPOLATION: 4/4 recordings usable; bad channels in 4 recording(s) (F2, F1, F3); alpha blocking OK (median 3.1); notch filter suggested for 4/4 recordings | G11: F | H11: 23 | I11: right | J11: ses-1 | K11: 4 | L11: 0 | M11: 4 | N11: 0 | O11: 0 | P11: 4 | Q11: 0 | R11: 0 | S11: 4 | T11: 0 | U11: F1 x4, F2 x4, Fz x2, F3 x2, AF3 x1, AF4 x1 | V11: Fz | W11: CRITICAL_CHANNEL_BAD; LINE_NOISE; USABLE_NEEDS_INTERPOLATION | X11: 3.08 | Y11: 23.6 | Z11: 41.8 | AA11: 2026-10-21T14:14:30+00:00 | AB11: 2026-10-21T14:15:12+00:00 | AC11: yes | AD11: 96 | AE11: =FALSE() -> FALSE | AF11: screening-2.2 | AG11: qc_output/sub-010
A12: sub-011 | B12: COMPLETED | C12: FAIL | D12: PARTIALLY_USABLE | E12: overall FAIL; PARTIALLY_USABLE: 3/4 recordings usable; bad channels in 4 recording(s) (F5, Fz, FC2); alpha blocking OK (median 13.7); notch filter suggested for 4/4 recordings | G12: F | H12: 50 | I12: right | J12: ses-1 | K12: 4 | L12: 0 | M12: 3 | N12: 1 | O12: 0 | P12: 3 | Q12: 0 | R12: 0 | S12: 3 | T12: 1 | U12: F5 x3, Fz x2, FC2 x2, Cz x1, F1 x1 | V12: Cz, Fz | W12: CRITICAL_CHANNELS_BAD; CRITICAL_CHANNEL_BAD; LINE_NOISE; USABLE_NEEDS_INTERPOLATION | X12: 13.67 | Y12: 26 | Z12: 41.9 | AA12: 2026-10-21T14:15:12+00:00 | AB12: 2026-10-21T14:15:54+00:00 | AC12: yes | AD12: 96 | AE12: =FALSE() -> FALSE | AF12: screening-2.2 | AG12: qc_output/sub-011
A13: sub-012 | B13: COMPLETED | C13: FLAG | D13: USABLE_NEEDS_INTERPOLATION | E13: overall FLAG; USABLE_NEEDS_INTERPOLATION: 4/4 recordings usable; bad channels in 4 recording(s) (F1, Fz, F2); alpha blocking OK (median 4.0); notch filter suggested for 4/4 recordings | G13: M | H13: 33 | I13: right | J13: ses-1 | K13: 4 | L13: 0 | M13: 4 | N13: 0 | O13: 0 | P13: 4 | Q13: 0 | R13: 0 | S13: 4 | T13: 0 | U13: Fz x4, F1 x4, F2 x2 | V13: Fz | W13: CRITICAL_CHANNEL_BAD; LOW_ALPHA_PROMINENCE; NO_ALPHA_BLOCKING; USABLE_NEEDS_INTERPOLATION | X13: 4.01 | Y13: 18.2 | Z13: 41.5 | AA13: 2026-10-21T14:15:54+00:00 | AB13: 2026-10-21T14:16:36+00:00 | AC13: yes | AD13: 98 | AE13: =FALSE() -> FALSE | AF13: screening-2.2 | AG13: qc_output/sub-012
A14: sub-013 | B14: REJECTED | E14: Rejected: Late triggers (late_ses1=1364, late_ses2=n/a) | F14: Late triggers (late_ses1=1364, late_ses2=n/a) | G14: F | H14: 49 | I14: right | Z14: 0 | AA14: 2026-10-21T14:16:36+00:00 | AB14: 2026-10-21T14:16:36+00:00 | AE14: =FALSE() -> FALSE | AF14: screening-2.2 | AG14: qc_output/sub-013
A15: sub-014 | B15: REJECTED | E15: Rejected: Age above 60 (64) | F15: Age above 60 (64) | G15: M | H15: 64 | I15: right | Z15: 0 | AA15: 2026-10-21T14:16:36+00:00 | AB15: 2026-10-21T14:16:36+00:00 | AE15: =FALSE() -> FALSE | AF15: screening-2.2 | AG15: qc_output/sub-014
A16: sub-015 | B16: REJECTED | E16: Rejected: Age above 60 (61) | F16: Age above 60 (61) | G16: F | H16: 61 | I16: right | Z16: 0 | AA16: 2026-10-21T14:16:36+00:00 | AB16: 2026-10-21T14:16:36+00:00 | AE16: =FALSE() -> FALSE | AF16: screening-2.2 | AG16: qc_output/sub-015
A17: sub-016 | B17: COMPLETED | C17: FLAG | D17: USABLE_WITH_FLAGS | E17: overall FLAG; USABLE_WITH_FLAGS: 4/4 recordings usable; no bad channels; alpha blocking OK (median 6.6) | G17: M | H17: 32 | I17: right | J17: ses-1 | K17: 4 | L17: 3 | M17: 1 | N17: 0 | O17: 0 | P17: 4 | Q17: 3 | R17: 1 | S17: 0 | T17: 0 | W17: LOW_ALPHA_PROMINENCE | X17: 6.58 | Y17: 6.7 | Z17: 42.5 | AA17: 2026-10-21T14:16:37+00:00 | AB17: 2026-10-21T14:17:20+00:00 | AC17: yes | AD17: 101 | AE17: =FALSE() -> FALSE | AF17: screening-2.2 | AG17: qc_output/sub-016
A18: sub-017 | B18: COMPLETED | C18: FAIL | D18: PARTIALLY_USABLE | E18: overall FAIL; PARTIALLY_USABLE: 2/4 recordings usable; bad channels in 4 recording(s) (AF3, AF4, F1); alpha blocking OK (median 5.2); notch filter suggested for 4/4 recordings | G18: M | H18: 50 | I18: right | J18: ses-1 | K18: 4 | L18: 0 | M18: 2 | N18: 2 | O18: 0 | P18: 2 | Q18: 0 | R18: 0 | S18: 2 | T18: 2 | U18: Fp1 x2, Fp2 x2, Fz x2, AF3 x2, AF4 x2, F1 x2, F2 x2, F8 x2, F3 x1, AF7 x1, AF8 x1, F4 x1, F7 x1 | V18: Fz | W18: CRITICAL_CHANNEL_BAD; LINE_NOISE; LOW_ALPHA_PROMINENCE; TOO_MANY_BAD_CHANNELS; USABLE_NEEDS_INTERPOLATION | X18: 5.2 | Y18: 24.7 | Z18: 40.5 | AA18: 2026-10-21T14:17:20+00:00 | AB18: 2026-10-21T14:18:00+00:00 | AC18: yes | AD18: 95 | AE18: =FALSE() -> FALSE | AF18: screening-2.2 | AG18: qc_output/sub-017
A19: sub-018 | B19: COMPLETED | C19: FAIL | D19: PARTIALLY_USABLE | E19: overall FAIL; PARTIALLY_USABLE: 2/4 recordings usable; bad channels in 2 recording(s) (AF3, AF4, AF7); alpha blocking weak (flag only) (median 1.3); notch filter suggested for 4/4 recordings | G19: F | H19: 20 | I19: right | J19: ses-1 | K19: 4 | L19: 1 | M19: 1 | N19: 2 | O19: 0 | P19: 2 | Q19: 1 | R19: 1 | S19: 0 | T19: 2 | U19: Fp1 x2, Fp2 x2, F3 x2, F4 x2, AF7 x2, AF3 x2, AF4 x2, AF8 x2, F1 x2, F2 x2, Fz x1, F5 x1 | V19: Fz | W19: CRITICAL_CHANNEL_BAD; LOW_ALPHA_PROMINENCE; TOO_MANY_BAD_CHANNELS; WEAK_ALPHA_BLOCKING | X19: 1.33 | Y19: 12.1 | Z19: 41.1 | AA19: 2026-10-21T14:18:01+00:00 | AB19: 2026-10-21T14:18:42+00:00 | AC19: yes | AD19: 97 | AE19: =FALSE() -> FALSE | AF19: screening-2.2 | AG19: qc_output/sub-018
A20: sub-019 | B20: COMPLETED | C20: FAIL | D20: PARTIALLY_USABLE | E20: overall FAIL; PARTIALLY_USABLE: 3/4 recordings usable; bad channels in 4 recording(s) (C6, FC4, FC6); alpha blocking weak (flag only) (median 0.8) | G20: F | H20: 42 | I20: left | J20: ses-1 | K20: 4 | L20: 0 | M20: 3 | N20: 1 | O20: 0 | P20: 3 | Q20: 0 | R20: 0 | S20: 3 | T20: 1 | U20: FC6 x3, FC4 x3, C6 x3, Fz x2, F4 x2, FC2 x2, T8 x2, F2 x2, C4 x1, FT8 x1, AF4 x1, F1 x1 | V20: Fz | W20: CRITICAL_CHANNEL_BAD; LOW_ALPHA_PROMINENCE; NO_ALPHA_BLOCKING; TOO_MANY_BAD_CHANNELS; USABLE_NEEDS_INTERPOLATION | X20: 0.78 | Y20: 7.5 | Z20: 42.3 | AA20: 2026-10-21T14:18:42+00:00 | AB20: 2026-10-21T14:19:24+00:00 | AC20: yes | AD20: 98 | AE20: =FALSE() -> FALSE | AF20: screening-2.2 | AG20: qc_output/sub-019
A21: sub-020 | B21: REJECTED | E21: Rejected: Age above 60 (68) | F21: Age above 60 (68) | G21: M | H21: 68 | I21: right | Z21: 0 | AA21: 2026-10-21T14:19:25+00:00 | AB21: 2026-10-21T14:19:25+00:00 | AE21: =FALSE() -> FALSE | AF21: screening-2.2 | AG21: qc_output/sub-020
A22: sub-021 | B22: COMPLETED | C22: FLAG | D22: USABLE_NEEDS_INTERPOLATION | E22: overall FLAG; USABLE_NEEDS_INTERPOLATION: 4/4 recordings usable; bad channels in 3 recording(s) (F8, F4, F6); alpha blocking weak (flag only) (median 1.4); notch filter suggested for 3/4 recordings | G22: F | H22: 23 | I22: left | J22: ses-1 | K22: 4 | L22: 2 | M22: 2 | N22: 0 | O22: 0 | P22: 4 | Q22: 1 | R22: 0 | S22: 3 | T22: 0 | U22: F8 x2, P4 x1, F7 x1, FC1 x1, FC2 x1, F4 x1, F5 x1, F6 x1 | W22: LINE_NOISE; USABLE_NEEDS_INTERPOLATION; WEAK_ALPHA_BLOCKING | X22: 1.4 | Y22: 15.5 | Z22: 42.4 | AA22: 2026-10-21T14:19:25+00:00 | AB22: 2026-10-21T14:20:07+00:00 | AC22: yes | AD22: 100 | AE22: =FALSE() -> FALSE | AF22: screening-2.2 | AG22: qc_output/sub-021
A23: sub-022 | B23: COMPLETED | C23: FAIL | D23: PARTIALLY_USABLE | E23: overall FAIL; PARTIALLY_USABLE: 2/4 recordings usable; bad channels in 4 recording(s) (F1, F2, AF3); alpha blocking OK (median 2.9); notch filter suggested for 2/4 recordings | G23: M | H23: 60 | I23: right | J23: ses-1 | K23: 4 | L23: 0 | M23: 2 | N23: 2 | O23: 0 | P23: 2 | Q23: 0 | R23: 0 | S23: 2 | T23: 2 | U23: F1 x4, F2 x4, F4 x3, AF3 x3, AF4 x3, Fz x2, F3 x2, FC1 x2, Fp1 x1, Fp2 x1, FC2 x1 | V23: Fz | W23: CRITICAL_CHANNEL_BAD; TOO_MANY_BAD_CHANNELS; USABLE_NEEDS_INTERPOLATION | X23: 2.88 | Y23: 11.7 | Z23: 42 | AA23: 2026-10-21T14:20:08+00:00 | AB23: 2026-10-21T14:20:49+00:00 | AC23: yes | AD23: 95 | AE23: =FALSE() -> FALSE | AF23: screening-2.2 | AG23: qc_output/sub-022
A24: sub-023 | B24: COMPLETED | C24: FAIL | D24: PARTIALLY_USABLE | E24: overall FAIL; PARTIALLY_USABLE: 3/4 recordings usable; bad channels in 4 recording(s) (F2, FC2, Fz); alpha blocking OK (median 3.7); notch filter suggested for 4/4 recordings | G24: F | H24: 31 | I24: right | J24: ses-1 | K24: 4 | L24: 0 | M24: 3 | N24: 1 | O24: 0 | P24: 3 | Q24: 0 | R24: 0 | S24: 3 | T24: 1 | U24: Fz x2, F2 x2, FC2 x2, F8 x1, FC1 x1, FC3 x1, F7 x1, F3 x1, F4 x1, AF7 x1, AF8 x1, F5 x1, F6 x1 | V24: Fz | W24: CRITICAL_CHANNEL_BAD; HIGH_LINE_NOISE; TOO_MANY_BAD_CHANNELS; USABLE_NEEDS_INTERPOLATION | X24: 3.73 | Y24: 25.6 | Z24: 40.8 | AA24: 2026-10-21T14:20:50+00:00 | AB24: 2026-10-21T14:21:31+00:00 | AC24: yes | AD24: 97 | AE24: =FALSE() -> FALSE | AF24: screening-2.2 | AG24: qc_output/sub-023
A25: sub-024 | B25: COMPLETED | C25: FAIL | D25: PARTIALLY_USABLE | E25: overall FAIL; PARTIALLY_USABLE: 2/4 recordings usable; bad channels in 4 recording(s) (FC2, AF3, AF4); alpha blocking OK (median 4.0); notch filter suggested for 4/4 recordings | G25: F | H25: 47 | I25: right | J25: ses-1 | K25: 4 | L25: 2 | M25: 0 | N25: 2 | O25: 0 | P25: 2 | Q25: 0 | R25: 0 | S25: 2 | T25: 2 | U25: FC2 x4, Fp1 x2, Fp2 x2, F3 x2, Fz x2, F4 x2, AF7 x2, AF3 x2, AF4 x2, AF8 x2, F1 x2, F2 x2, FC1 x2, F8 x1, F6 x1, FC3 x1, FC4 x1 | V25: Fz | W25: CRITICAL_CHANNEL_BAD; TOO_MANY_BAD_CHANNELS; USABLE_NEEDS_INTERPOLATION | X25: 4 | Y25: 13.4 | Z25: 40.6 | AA25: 2026-10-21T14:21:31+00:00 | AB25: 2026-10-21T14:22:11+00:00 | AC25: yes | AD25: 95 | AE25: =FALSE() -> FALSE | AF25: screening-2.2 | AG25: qc_output/sub-024
A26: sub-025 | B26: COMPLETED | C26: FLAG | D26: USABLE_WITH_FLAGS | E26: overall FLAG; USABLE_WITH_FLAGS: 4/4 recordings usable; no bad channels; alpha blocking OK (median 4.2); notch filter suggested for 4/4 recordings | G26: F | H26: 26 | I26: left | J26: ses-1 | K26: 4 | L26: 0 | M26: 4 | N26: 0 | O26: 0 | P26: 4 | Q26: 0 | R26: 4 | S26: 0 | T26: 0 | W26: LINE_NOISE | X26: 4.19 | Y26: 25.3 | Z26: 42.7 | AA26: 2026-10-21T14:22:12+00:00 | AB26: 2026-10-21T14:22:55+00:00 | AC26: yes | AD26: 101 | AE26: =FALSE() -> FALSE | AF26: screening-2.2 | AG26: qc_output/sub-025
A27: sub-026 | B27: COMPLETED | C27: FLAG | D27: USABLE_NEEDS_INTERPOLATION | E27: overall FLAG; USABLE_NEEDS_INTERPOLATION: 4/4 recordings usable; bad channels in 2 recording(s) (F1, FC2, Fp1); alpha blocking OK (median 8.3); notch filter suggested for 2/4 recordings | G27: F | H27: 59 | I27: right | J27: ses-1 | K27: 4 | L27: 3 | M27: 1 | N27: 0 | O27: 0 | P27: 4 | Q27: 2 | R27: 0 | S27: 2 | T27: 0 | U27: Fp1 x1, Fz x1, F1 x1, FC2 x1 | V27: Fz | W27: CRITICAL_CHANNEL_BAD; USABLE_NEEDS_INTERPOLATION | X27: 8.29 | Y27: 12 | Z27: 41.7 | AA27: 2026-10-21T14:22:55+00:00 | AB27: 2026-10-21T14:23:37+00:00 | AC27: yes | AD27: 97 | AE27: =FALSE() -> FALSE | AF27: screening-2.2 | AG27: qc_output/sub-026
A28: sub-027 | B28: REJECTED | E28: Rejected: Late triggers (late_ses1=15, late_ses2=n/a) | F28: Late triggers (late_ses1=15, late_ses2=n/a) | G28: F | H28: 51 | I28: right | Z28: 0 | AA28: 2026-10-21T14:23:37+00:00 | AB28: 2026-10-21T14:23:37+00:00 | AE28: =FALSE() -> FALSE | AF28: screening-2.2 | AG28: qc_output/sub-027
A29: sub-028 | B29: COMPLETED | C29: FLAG | D29: USABLE_NEEDS_INTERPOLATION | E29: overall FLAG; USABLE_NEEDS_INTERPOLATION: 8/8 recordings usable; bad channels in 6 recording(s) (F5, F6, F4); alpha blocking OK (median 4.5); notch filter suggested for 4/8 recordings | G29: M | H29: 48 | I29: right | J29: ses-1, ses-2 | K29: 8 | L29: 2 | M29: 6 | N29: 0 | O29: 0 | P29: 8 | Q29: 0 | R29: 2 | S29: 6 | T29: 0 | U29: F5 x4, F6 x4, F7 x2, F3 x2, F4 x2, Fz x2, AF8 x1, FC2 x1 | V29: Fz | W29: CRITICAL_CHANNEL_BAD; LINE_NOISE; LOW_ALPHA_PROMINENCE; NO_ALPHA_BLOCKING; USABLE_NEEDS_INTERPOLATION | X29: 4.5 | Y29: 12.2 | Z29: 82.9 | AA29: 2026-10-21T14:23:37+00:00 | AB29: 2026-10-21T14:25:00+00:00 | AC29: yes | AD29: 196 | AE29: =FALSE() -> FALSE | AF29: screening-2.2 | AG29: qc_output/sub-028
A30: sub-029 | B30: COMPLETED | C30: FAIL | D30: PARTIALLY_USABLE | E30: overall FAIL; PARTIALLY_USABLE: 3/4 recordings usable; bad channels in 4 recording(s) (AF3, AF4, F1); alpha blocking weak (flag only) (median 1.2); notch filter suggested for 4/4 recordings | G30: F | H30: 36 | I30: right | J30: ses-1 | K30: 4 | L30: 1 | M30: 2 | N30: 1 | O30: 0 | P30: 3 | Q30: 0 | R30: 0 | S30: 3 | T30: 1 | U30: Fp1 x2, Fz x2, AF3 x2, AF4 x2, F1 x2, F2 x2, F6 x2, Fp2 x1, F3 x1, F4 x1, AF7 x1, AF8 x1, F5 x1, FC1 x1, FC3 x1 | V30: Fz | W30: CRITICAL_CHANNEL_BAD; LINE_NOISE; NO_ALPHA_BLOCKING; TOO_MANY_BAD_CHANNELS; USABLE_NEEDS_INTERPOLATION | X30: 1.17 | Y30: 16.4 | Z30: 42.2 | AA30: 2026-10-21T14:25:01+00:00 | AB30: 2026-10-21T14:25:43+00:00 | AC30: yes | AD30: 95 | AE30: =FALSE() -> FALSE | AF30: screening-2.2 | AG30: qc_output/sub-029
A31: sub-030 | B31: REJECTED | E31: Rejected: Age above 60 (62) | F31: Age above 60 (62) | G31: F | H31: 62 | I31: right | Z31: 0 | AA31: 2026-10-21T14:25:43+00:00 | AB31: 2026-10-21T14:25:43+00:00 | AE31: =FALSE() -> FALSE | AF31: screening-2.2 | AG31: qc_output/sub-030
A32: sub-031 | B32: COMPLETED | C32: FAIL | D32: PARTIALLY_USABLE | E32: overall FAIL; PARTIALLY_USABLE: 2/4 recordings usable; bad channels in 4 recording(s) (F2, Fz, F1); alpha blocking OK (median 6.5); notch filter suggested for 3/4 recordings | G32: F | H32: 26 | I32: right | J32: ses-1 | K32: 4 | L32: 0 | M32: 2 | N32: 2 | O32: 0 | P32: 2 | Q32: 0 | R32: 0 | S32: 2 | T32: 2 | U32: Fz x3, F2 x3, F1 x3, F4 x2, AF7 x2, AF3 x2, AF4 x2, AF8 x2, Fp1 x1, Fp2 x1, F3 x1, F5 x1 | V32: Fz | W32: CRITICAL_CHANNEL_BAD; LINE_NOISE; TOO_MANY_BAD_CHANNELS; USABLE_NEEDS_INTERPOLATION | X32: 6.49 | Y32: 16.4 | Z32: 41.1 | AA32: 2026-10-21T14:25:44+00:00 | AB32: 2026-10-21T14:26:25+00:00 | AC32: yes | AD32: 95 | AE32: =FALSE() -> FALSE | AF32: screening-2.2 | AG32: qc_output/sub-031
A33: sub-032 | B33: COMPLETED | C33: FAIL | D33: PARTIALLY_USABLE | E33: overall FAIL; PARTIALLY_USABLE: 2/4 recordings usable; bad channels in 4 recording(s) (F2, Fz, F1); alpha blocking OK (median 3.2); notch filter suggested for 2/4 recordings | G33: F | H33: 20 | I33: right | J33: ses-1 | K33: 4 | L33: 0 | M33: 2 | N33: 2 | O33: 0 | P33: 2 | Q33: 0 | R33: 0 | S33: 2 | T33: 2 | U33: F2 x4, Fz x3, F1 x3, F3 x2, F4 x2, AF7 x2, AF3 x2, AF8 x2, Fp1 x1, Fp2 x1, AF4 x1, F5 x1, F6 x1 | V33: Fz | W33: CRITICAL_CHANNEL_BAD; LINE_NOISE; LOW_ALPHA_PROMINENCE; TOO_MANY_BAD_CHANNELS; USABLE_NEEDS_INTERPOLATION | X33: 3.21 | Y33: 14.7 | Z33: 41.2 | AA33: 2026-10-21T14:26:26+00:00 | AB33: 2026-10-21T14:27:07+00:00 | AC33: yes | AD33: 96 | AE33: =FALSE() -> FALSE | AF33: screening-2.2 | AG33: qc_output/sub-032
A34: sub-033 | B34: COMPLETED | C34: FLAG | D34: USABLE_NEEDS_INTERPOLATION | E34: overall FLAG; USABLE_NEEDS_INTERPOLATION: 8/8 recordings usable; bad channels in 6 recording(s) (Fz, F5, F4); alpha blocking OK (median 7.5); notch filter suggested for 6/8 recordings | G34: M | H34: 32 | I34: right | J34: ses-1, ses-2 | K34: 8 | L34: 4 | M34: 4 | N34: 0 | O34: 0 | P34: 8 | Q34: 2 | R34: 0 | S34: 6 | T34: 0 | U34: Fz x4, F5 x2, F4 x1, F2 x1, F7 x1, F8 x1 | V34: Fz | W34: CRITICAL_CHANNEL_BAD; USABLE_NEEDS_INTERPOLATION | X34: 7.52 | Y34: 13.1 | Z34: 75.1 | AA34: 2026-10-21T14:27:08+00:00 | AB34: 2026-10-21T14:28:23+00:00 | AC34: yes | AD34: 191 | AE34: =FALSE() -> FALSE | AF34: screening-2.2 | AG34: qc_output/sub-033
A35: sub-034 | B35: COMPLETED | C35: FAIL | D35: PARTIALLY_USABLE | E35: overall FAIL; PARTIALLY_USABLE: 3/4 recordings usable; bad channels in 3 recording(s) (Fz, F2, AF4); alpha blocking OK (median 3.3); notch filter suggested for 4/4 recordings | G35: M | H35: 41 | I35: right | J35: ses-1 | K35: 4 | L35: 2 | M35: 1 | N35: 1 | O35: 0 | P35: 3 | Q35: 1 | R35: 0 | S35: 2 | T35: 1 | U35: Fz x2, F2 x2, Fp1 x1, Fp2 x1, AF7 x1, AF3 x1, AF4 x1, AF8 x1, F1 x1, F6 x1 | V35: Fz | W35: CRITICAL_CHANNEL_BAD; TOO_MANY_BAD_CHANNELS; USABLE_NEEDS_INTERPOLATION | X35: 3.32 | Y35: 13.4 | Z35: 41.1 | AA35: 2026-10-21T14:28:24+00:00 | AB35: 2026-10-21T14:29:05+00:00 | AC35: yes | AD35: 96 | AE35: =FALSE() -> FALSE | AF35: screening-2.2 | AG35: qc_output/sub-034
A36: sub-035 | B36: COMPLETED | C36: FLAG | D36: USABLE_NEEDS_INTERPOLATION | E36: overall FLAG; USABLE_NEEDS_INTERPOLATION: 4/4 recordings usable; bad channels in 3 recording(s) (F8, FC1, FC3); alpha blocking OK (median 3.7); notch filter suggested for 2/4 recordings | G36: M | H36: 36 | I36: right | J36: ses-1 | K36: 4 | L36: 3 | M36: 1 | N36: 0 | O36: 0 | P36: 4 | Q36: 1 | R36: 0 | S36: 3 | T36: 0 | U36: FC1 x2, F8 x2, FC5 x2, FC3 x2, Fz x1, F1 x1, FC2 x1 | V36: Fz | W36: CRITICAL_CHANNEL_BAD; USABLE_NEEDS_INTERPOLATION | X36: 3.73 | Y36: 9.8 | Z36: 40.8 | AA36: 2026-10-21T14:29:05+00:00 | AB36: 2026-10-21T14:29:46+00:00 | AC36: yes | AD36: 96 | AE36: =FALSE() -> FALSE | AF36: screening-2.2 | AG36: qc_output/sub-035
A37: sub-036 | B37: COMPLETED | C37: FAIL | D37: PARTIALLY_USABLE | E37: overall FAIL; PARTIALLY_USABLE: 3/4 recordings usable; bad channels in 4 recording(s) (F2, F1, Fz); alpha blocking OK (median 4.5); notch filter suggested for 1/4 recordings | G37: F | H37: 53 | I37: left | J37: ses-1 | K37: 4 | L37: 0 | M37: 3 | N37: 1 | O37: 0 | P37: 3 | Q37: 0 | R37: 0 | S37: 3 | T37: 1 | U37: F1 x4, F2 x4, Fz x3, F4 x2, FC2 x1, Fp1 x1, Fp2 x1, F7 x1, F3 x1, F8 x1, AF7 x1, AF3 x1, AF4 x1, AF8 x1, F5 x1, F6 x1 | V37: Fz | W37: CRITICAL_CHANNEL_BAD; LOW_ALPHA_PROMINENCE; TOO_MANY_BAD_CHANNELS; USABLE_NEEDS_INTERPOLATION | X37: 4.54 | Y37: 6.9 | Z37: 40.8 | AA37: 2026-10-21T14:29:47+00:00 | AB37: 2026-10-21T14:30:28+00:00 | AC37: yes | AD37: 95 | AE37: =FALSE() -> FALSE | AF37: screening-2.2 | AG37: qc_output/sub-036
A38: sub-037 | B38: REJECTED | E38: Rejected: Late triggers (late_ses1=445, late_ses2=n/a) | F38: Late triggers (late_ses1=445, late_ses2=n/a) | G38: M | H38: 30 | I38: right | Z38: 0 | AA38: 2026-10-21T14:30:28+00:00 | AB38: 2026-10-21T14:30:28+00:00 | AE38: =FALSE() -> FALSE | AF38: screening-2.2 | AG38: qc_output/sub-037
A39: sub-038 | B39: COMPLETED | C39: FLAG | D39: USABLE_NEEDS_INTERPOLATION | E39: overall FLAG; USABLE_NEEDS_INTERPOLATION: 8/8 recordings usable; bad channels in 4 recording(s) (FC2, F7, FC4); alpha blocking weak (flag only) (median 1.4); notch filter suggested for 3/8 recordings | G39: M | H39: 49 | I39: right | J39: ses-1, ses-2 | K39: 8 | L39: 1 | M39: 7 | N39: 0 | O39: 0 | P39: 8 | Q39: 0 | R39: 4 | S39: 4 | T39: 0 | U39: FC2 x3, F7 x2, FC4 x2, FC1 x1, F8 x1, Fz x1 | V39: Fz | W39: CRITICAL_CHANNEL_BAD; LOW_ALPHA_PROMINENCE; USABLE_NEEDS_INTERPOLATION; WEAK_ALPHA_BLOCKING | X39: 1.42 | Y39: 8.5 | Z39: 73.1 | AA39: 2026-10-21T14:30:28+00:00 | AB39: 2026-10-21T14:31:42+00:00 | AC39: yes | AD39: 192 | AE39: =FALSE() -> FALSE | AF39: screening-2.2 | AG39: qc_output/sub-038
A40: sub-039 | B40: COMPLETED | C40: FAIL | D40: PARTIALLY_USABLE | E40: overall FAIL; PARTIALLY_USABLE: 2/4 recordings usable; bad channels in 4 recording(s) (AF3, Fz, FC3); alpha blocking weak (flag only) (median 0.6); notch filter suggested for 4/4 recordings | G40: M | H40: 55 | I40: right | J40: ses-1 | K40: 4 | L40: 0 | M40: 2 | N40: 2 | O40: 0 | P40: 2 | Q40: 0 | R40: 0 | S40: 2 | T40: 2 | U40: Fz x3, AF3 x3, FC3 x3, Fp2 x2, F3 x2, AF7 x2, AF4 x2, AF8 x2, F5 x2, F1 x2, F2 x2, FC1 x2, Cz x1, Fp1 x1, F4 x1, FC5 x1, FT7 x1 | V40: Cz, Fz | W40: CRITICAL_CHANNELS_BAD; CRITICAL_CHANNEL_BAD; NO_ALPHA_BLOCKING; TOO_MANY_BAD_CHANNELS; USABLE_NEEDS_INTERPOLATION; WEAK_ALPHA_BLOCKING | X40: 0.58 | Y40: 17.1 | Z40: 41.1 | AA40: 2026-10-21T14:31:42+00:00 | AB40: 2026-10-21T14:32:23+00:00 | AC40: yes | AD40: 101 | AE40: =FALSE() -> FALSE | AF40: screening-2.2 | AG40: qc_output/sub-039
A41: sub-040 | B41: COMPLETED | C41: FLAG | D41: USABLE_NEEDS_INTERPOLATION | E41: overall FLAG; USABLE_NEEDS_INTERPOLATION: 4/4 recordings usable; bad channels in 3 recording(s) (F2, Fz, AF4); alpha blocking OK (median 26.7); notch filter suggested for 3/4 recordings | G41: M | H41: 48 | I41: right | J41: ses-1 | K41: 4 | L41: 0 | M41: 4 | N41: 0 | O41: 0 | P41: 4 | Q41: 0 | R41: 1 | S41: 3 | T41: 0 | U41: Fz x2, F2 x2, Fp1 x1, Fp2 x1, AF4 x1, F1 x1, FC1 x1 | V41: Fz | W41: CRITICAL_CHANNEL_BAD; LINE_NOISE; LOW_ALPHA_PROMINENCE; NO_ALPHA_BLOCKING; USABLE_NEEDS_INTERPOLATION | X41: 26.67 | Y41: 19.5 | Z41: 42 | AA41: 2026-10-21T14:32:24+00:00 | AB41: 2026-10-21T14:33:06+00:00 | AC41: yes | AD41: 97 | AE41: =FALSE() -> FALSE | AF41: screening-2.2 | AG41: qc_output/sub-040
A42: sub-041 | B42: COMPLETED | C42: FLAG | D42: USABLE_NEEDS_INTERPOLATION | E42: overall FLAG; USABLE_NEEDS_INTERPOLATION: 8/8 recordings usable; bad channels in 1 recording(s) (Fz); alpha blocking OK (median 2.0); notch filter suggested for 7/8 recordings | G42: M | H42: 53 | I42: right | J42: ses-1, ses-2 | K42: 8 | L42: 2 | M42: 6 | N42: 0 | O42: 0 | P42: 8 | Q42: 2 | R42: 5 | S42: 1 | T42: 0 | U42: Fz x1 | V42: Fz | W42: CRITICAL_CHANNEL_BAD; LINE_NOISE; NO_ALPHA_BLOCKING; USABLE_NEEDS_INTERPOLATION; WEAK_ALPHA_BLOCKING | X42: 2.04 | Y42: 16.1 | Z42: 74.7 | AA42: 2026-10-21T14:33:07+00:00 | AB42: 2026-10-21T14:34:22+00:00 | AC42: yes | AD42: 192 | AE42: =FALSE() -> FALSE | AF42: screening-2.2 | AG42: qc_output/sub-041
A43: sub-042 | B43: COMPLETED | C43: FAIL | D43: PARTIALLY_USABLE | E43: overall FAIL; PARTIALLY_USABLE: 3/4 recordings usable; bad channels in 3 recording(s) (Fp1, FC1, AF4); alpha blocking OK (median 1.5); notch filter suggested for 2/4 recordings | G43: F | H43: 22 | I43: right | J43: ses-1 | K43: 4 | L43: 0 | M43: 3 | N43: 1 | O43: 0 | P43: 3 | Q43: 0 | R43: 1 | S43: 2 | T43: 1 | U43: FC1 x2, Fp1 x2, Fp2 x1, Fz x1, AF7 x1, AF4 x1, F1 x1, F2 x1 | V43: Fz | W43: CRITICAL_CHANNEL_BAD; HIGH_LINE_NOISE; TOO_MANY_BAD_CHANNELS; USABLE_NEEDS_INTERPOLATION; WEAK_ALPHA_BLOCKING | X43: 1.5 | Y43: 19.4 | Z43: 52.7 | AA43: 2026-10-21T14:34:23+00:00 | AB43: 2026-10-21T14:35:15+00:00 | AC43: yes | AD43: 97 | AE43: =FALSE() -> FALSE | AF43: screening-2.2 | AG43: qc_output/sub-042
A44: sub-043 | B44: COMPLETED | C44: FAIL | D44: PARTIALLY_USABLE | E44: overall FAIL; PARTIALLY_USABLE: 3/4 recordings usable; bad channels in 4 recording(s) (FC1, AF4, Fz); alpha blocking OK (median 8.1); notch filter suggested for 4/4 recordings | G44: M | H44: 40 | I44: left | J44: ses-1 | K44: 4 | L44: 2 | M44: 1 | N44: 1 | O44: 0 | P44: 3 | Q44: 0 | R44: 0 | S44: 3 | T44: 1 | U44: FC1 x4, Fz x2, AF4 x2, F1 x2, F2 x2, FC3 x2, F3 x1, AF3 x1, F6 x1, FC5 x1 | V44: Fz | W44: CRITICAL_CHANNEL_BAD; LOW_ALPHA_PROMINENCE; TOO_MANY_BAD_CHANNELS; USABLE_NEEDS_INTERPOLATION | X44: 8.05 | Y44: 14.1 | Z44: 44 | AA44: 2026-10-21T14:35:16+00:00 | AB44: 2026-10-21T14:36:00+00:00 | AC44: yes | AD44: 95 | AE44: =FALSE() -> FALSE | AF44: screening-2.2 | AG44: qc_output/sub-043
A45: sub-044 | B45: COMPLETED | C45: FAIL | D45: PARTIALLY_USABLE | E45: overall FAIL; PARTIALLY_USABLE: 1/8 recordings usable; bad channels in 8 recording(s) (AF4, F4, Fz); alpha blocking OK (median 2.4); notch filter suggested for 4/8 recordings | G45: F | H45: 27 | I45: right | J45: ses-1, ses-2 | K45: 8 | L45: 0 | M45: 1 | N45: 7 | O45: 0 | P45: 1 | Q45: 0 | R45: 0 | S45: 1 | T45: 7 | U45: Fz x8, F4 x8, AF4 x8, F2 x8, AF3 x7, F1 x7, F3 x6, F5 x6, F6 x4, Fp2 x3, Fp1 x3, AF7 x3, AF8 x2 | V45: Fz | W45: CRITICAL_CHANNEL_BAD; LINE_NOISE; NO_ALPHA_BLOCKING; TOO_MANY_BAD_CHANNELS; USABLE_NEEDS_INTERPOLATION | X45: 2.36 | Y45: 10.1 | Z45: 75.8 | AA45: 2026-10-21T14:36:01+00:00 | AB45: 2026-10-21T14:37:17+00:00 | AC45: yes | AD45: 192 | AE45: =FALSE() -> FALSE | AF45: screening-2.2 | AG45: qc_output/sub-044
A46: sub-045 | B46: COMPLETED | C46: FAIL | D46: REJECT | E46: overall FAIL; REJECT: 0/4 recordings usable; bad channels in 4 recording(s) (C6, C2, Cz); alpha blocking OK (median 10.1); notch filter suggested for 2/4 recordings | G46: F | H46: 47 | I46: right | J46: ses-1 | K46: 4 | L46: 0 | M46: 0 | N46: 4 | O46: 0 | P46: 0 | Q46: 0 | R46: 0 | S46: 0 | T46: 4 | U46: F3 x4, Fz x4, FC2 x4, Cz x4, FC4 x4, C2 x4, C6 x4, F8 x3, FC6 x3, T8 x3, F1 x3, Fp2 x2, F4 x2, AF3 x2, AF4 x2, AF8 x2, F6 x2, FT8 x2, FC1 x2, F5 x2, Fp1 x1, F2 x1 | V46: Cz, Fz | W46: CRITICAL_CHANNELS_BAD; TOO_MANY_BAD_CHANNELS | X46: 10.1 | Y46: 10 | Z46: 41.8 | AA46: 2026-10-21T14:37:18+00:00 | AB46: 2026-10-21T14:37:59+00:00 | AC46: yes | AD46: 98 | AE46: =FALSE() -> FALSE | AF46: screening-2.2 | AG46: qc_output/sub-045
A47: sub-046 | B47: COMPLETED | C47: FAIL | D47: PARTIALLY_USABLE | E47: overall FAIL; PARTIALLY_USABLE: 4/8 recordings usable; bad channels in 7 recording(s) (AF7, F1, Fz); alpha blocking weak (flag only) (median 1.0); notch filter suggested for 8/8 recordings | G47: F | H47: 49 | I47: right | J47: ses-1, ses-2 | K47: 8 | L47: 0 | M47: 4 | N47: 4 | O47: 0 | P47: 4 | Q47: 0 | R47: 1 | S47: 3 | T47: 4 | U47: Fz x4, F3 x4, F4 x4, AF7 x4, F1 x4, F6 x4, F8 x3, F5 x3, F2 x3, AF3 x2 | V47: Fz | W47: CRITICAL_CHANNEL_BAD; LINE_NOISE; NO_ALPHA_BLOCKING; TOO_MANY_BAD_CHANNELS; USABLE_NEEDS_INTERPOLATION; WEAK_ALPHA_BLOCKING | X47: 0.97 | Y47: 16.9 | Z47: 79.3 | AA47: 2026-10-21T14:38:00+00:00 | AB47: 2026-10-21T14:39:20+00:00 | AC47: yes | AD47: 201 | AE47: =FALSE() -> FALSE | AF47: screening-2.2 | AG47: qc_output/sub-046
A48: sub-047 | B48: REJECTED | E48: Rejected: Age above 60 (67) | F48: Age above 60 (67) | G48: M | H48: 67 | I48: right | Z48: 0 | AA48: 2026-10-21T14:39:20+00:00 | AB48: 2026-10-21T14:39:20+00:00 | AE48: =FALSE() -> FALSE | AF48: screening-2.2 | AG48: qc_output/sub-047
A49: sub-048 | B49: COMPLETED | C49: FAIL | D49: PARTIALLY_USABLE | E49: overall FAIL; PARTIALLY_USABLE: 7/8 recordings usable; bad channels in 7 recording(s) (Fz, AF8, F4); alpha blocking OK (median 4.3); notch filter suggested for 2/8 recordings | G49: M | H49: 53 | I49: right | J49: ses-1, ses-2 | K49: 8 | L49: 2 | M49: 5 | N49: 1 | O49: 0 | P49: 7 | Q49: 0 | R49: 1 | S49: 6 | T49: 1 | U49: Fz x5, F4 x2, AF8 x2, F6 x2, F7 x2, Fp2 x1, F3 x1, AF7 x1, AF3 x1, AF4 x1, F1 x1, F2 x1 | V49: Fz | W49: CRITICAL_CHANNEL_BAD; NO_ALPHA_BLOCKING; TOO_MANY_BAD_CHANNELS; USABLE_NEEDS_INTERPOLATION; WEAK_ALPHA_BLOCKING | X49: 4.28 | Y49: 4.5 | Z49: 76.1 | AA49: 2026-10-21T14:39:21+00:00 | AB49: 2026-10-21T14:40:37+00:00 | AC49: yes | AD49: 190 | AE49: =FALSE() -> FALSE | AF49: screening-2.2 | AG49: qc_output/sub-048
A50: sub-049 | B50: REJECTED | E50: Rejected: Age above 60 (67); Late triggers (late_ses1=34, late_ses2=0) | F50: Age above 60 (67); Late triggers (late_ses1=34, late_ses2=0) | G50: F | H50: 67 | I50: right | Z50: 0 | AA50: 2026-10-21T14:40:38+00:00 | AB50: 2026-10-21T14:40:38+00:00 | AE50: =FALSE() -> FALSE | AF50: screening-2.2 | AG50: qc_output/sub-049
A51: sub-050 | B51: COMPLETED | C51: FAIL | D51: PARTIALLY_USABLE | E51: overall FAIL; PARTIALLY_USABLE: 4/8 recordings usable; bad channels in 8 recording(s) (F1, FC1, F2); alpha blocking weak (flag only) (median 0.9); notch filter suggested for 6/8 recordings | G51: F | H51: 59 | I51: right | J51: ses-1, ses-2 | K51: 8 | L51: 0 | M51: 4 | N51: 4 | O51: 0 | P51: 4 | Q51: 0 | R51: 0 | S51: 4 | T51: 4 | U51: FC1 x7, F1 x7, Fz x6, F2 x6, FC2 x5, FC3 x4, AF4 x4, FC4 x4, Fp1 x3, Fp2 x3, F3 x3, F4 x3, AF7 x3, AF3 x3, AF8 x3, FC6 x2, F6 x2, FC5 x1, F5 x1 | V51: Fz | W51: CRITICAL_CHANNEL_BAD; LINE_NOISE; LOW_ALPHA_PROMINENCE; NO_ALPHA_BLOCKING; TOO_MANY_BAD_CHANNELS; USABLE_NEEDS_INTERPOLATION; WEAK_ALPHA_BLOCKING | X51: 0.85 | Y51: 16.9 | Z51: 78.6 | AA51: 2026-10-21T14:40:39+00:00 | AB51: 2026-10-21T14:41:57+00:00 | AC51: yes | AD51: 194 | AE51: =FALSE() -> FALSE | AF51: screening-2.2 | AG51: qc_output/sub-050
A52: sub-051 | B52: COMPLETED | C52: FAIL | D52: PARTIALLY_USABLE | E52: overall FAIL; PARTIALLY_USABLE: 6/8 recordings usable; bad channels in 7 recording(s) (Fz, FC2, F2); alpha blocking OK (median 5.7); notch filter suggested for 7/8 recordings | G52: F | H52: 58 | I52: right | J52: ses-1, ses-2 | K52: 8 | L52: 3 | M52: 3 | N52: 2 | O52: 0 | P52: 6 | Q52: 1 | R52: 0 | S52: 5 | T52: 2 | U52: Fz x5, F2 x4, FC2 x4, AF7 x3, F1 x3, F6 x3, Fp1 x2, Fp2 x2, AF3 x2, AF4 x2, AF8 x2, F3 x2, F8 x2, F4 x1, F5 x1 | V52: Fz | W52: CRITICAL_CHANNEL_BAD; TOO_MANY_BAD_CHANNELS; USABLE_NEEDS_INTERPOLATION | X52: 5.67 | Y52: 13.9 | Z52: 73.4 | AA52: 2026-10-21T14:43:11+00:00 | AB52: 2026-10-21T14:44:24+00:00 | AC52: yes | AD52: 192 | AE52: =FALSE() -> FALSE | AF52: screening-2.2 | AG52: qc_output/sub-051
A53: sub-052 | B53: REJECTED | E53: Rejected: Late triggers (late_ses1=1, late_ses2=0) | F53: Late triggers (late_ses1=1, late_ses2=0) | G53: F | H53: 59 | I53: right | Z53: 0 | AA53: 2026-10-21T15:18:45+00:00 | AB53: 2026-10-21T15:18:45+00:00 | AE53: =FALSE() -> FALSE | AF53: screening-2.2 | AG53: qc_output/sub-052
A54: sub-053 | B54: COMPLETED | C54: FAIL | D54: PARTIALLY_USABLE | E54: overall FAIL; PARTIALLY_USABLE: 4/8 recordings usable; bad channels in 8 recording(s) (FC1, F2, Fz); alpha blocking OK (median 6.1) | G54: F | H54: 42 | I54: right | J54: ses-1, ses-2 | K54: 8 | L54: 1 | M54: 3 | N54: 4 | O54: 0 | P54: 4 | Q54: 0 | R54: 0 | S54: 4 | T54: 4 | U54: Fz x4, F2 x4, FC1 x4, FC3 x4, FC2 x4, F1 x3, FC5 x3, C5 x3, FC4 x3, F4 x1, AF4 x1, F3 x1, C3 x1, F8 x1, F6 x1, FC6 x1, T7 x1, T8 x1 | V54: Fz | W54: CRITICAL_CHANNEL_BAD; TOO_MANY_BAD_CHANNELS; USABLE_NEEDS_INTERPOLATION | X54: 6.06 | Y54: 4.8 | Z54: 82.6 | AA54: 2026-10-21T14:44:27+00:00 | AB54: 2026-10-21T14:45:49+00:00 | AC54: yes | AD54: 194 | AE54: =FALSE() -> FALSE | AF54: screening-2.2 | AG54: qc_output/sub-053
A55: sub-054 | B55: COMPLETED | C55: FLAG | D55: USABLE_NEEDS_INTERPOLATION | E55: overall FLAG; USABLE_NEEDS_INTERPOLATION: 8/8 recordings usable; bad channels in 6 recording(s) (Fz, FT8, F4); alpha blocking OK (median 3.2); notch filter suggested for 7/8 recordings | G55: M | H55: 31 | I55: right | J55: ses-1, ses-2 | K55: 8 | L55: 0 | M55: 8 | N55: 0 | O55: 0 | P55: 8 | Q55: 0 | R55: 2 | S55: 6 | T55: 0 | U55: Fz x3, FT8 x2, F7 x1, F4 x1, F6 x1 | V55: Fz | W55: CRITICAL_CHANNEL_BAD; LINE_NOISE; NO_ALPHA_BLOCKING; USABLE_NEEDS_INTERPOLATION; WEAK_ALPHA_BLOCKING | X55: 3.23 | Y55: 20.1 | Z55: 74.4 | AA55: 2026-10-21T14:45:50+00:00 | AB55: 2026-10-21T14:47:04+00:00 | AC55: yes | AD55: 195 | AE55: =FALSE() -> FALSE | AF55: screening-2.2 | AG55: qc_output/sub-054
A56: sub-055 | B56: REJECTED | E56: Rejected: Late triggers (late_ses1=35, late_ses2=n/a) | F56: Late triggers (late_ses1=35, late_ses2=n/a) | G56: M | H56: 50 | I56: right | Z56: 0 | AA56: 2026-10-21T15:18:50+00:00 | AB56: 2026-10-21T15:18:50+00:00 | AE56: =FALSE() -> FALSE | AF56: screening-2.2 | AG56: qc_output/sub-055
A57: sub-056 | B57: COMPLETED | C57: FLAG | D57: USABLE_NEEDS_INTERPOLATION | E57: overall FLAG; USABLE_NEEDS_INTERPOLATION: 4/4 recordings usable; bad channels in 4 recording(s) (FC2, FC1, F3); alpha blocking OK (median 1.6); notch filter suggested for 2/4 recordings | G57: F | H57: 52 | I57: right | J57: ses-1 | K57: 4 | L57: 1 | M57: 3 | N57: 0 | O57: 0 | P57: 4 | Q57: 0 | R57: 0 | S57: 4 | T57: 0 | U57: FC2 x3, FC1 x2, F7 x1, F8 x1, F3 x1, F5 x1, F6 x1, FC5 x1, FC3 x1 | W57: LOW_ALPHA_PROMINENCE; USABLE_NEEDS_INTERPOLATION; WEAK_ALPHA_BLOCKING | X57: 1.65 | Y57: 10.9 | Z57: 40.1 | AA57: 2026-10-21T14:47:06+00:00 | AB57: 2026-10-21T14:47:46+00:00 | AC57: yes | AD57: 97 | AE57: =FALSE() -> FALSE | AF57: screening-2.2 | AG57: qc_output/sub-056
A58: sub-057 | B58: REJECTED | E58: Rejected: Age above 60 (67) | F58: Age above 60 (67) | G58: F | H58: 67 | I58: right | Z58: 0 | AA58: 2026-10-21T15:18:53+00:00 | AB58: 2026-10-21T15:18:53+00:00 | AE58: =FALSE() -> FALSE | AF58: screening-2.2 | AG58: qc_output/sub-057
A59: sub-058 | B59: REJECTED | E59: Rejected: Age above 60 (62) | F59: Age above 60 (62) | G59: F | H59: 62 | I59: right | Z59: 0 | AA59: 2026-10-21T15:18:55+00:00 | AB59: 2026-10-21T15:18:55+00:00 | AE59: =FALSE() -> FALSE | AF59: screening-2.2 | AG59: qc_output/sub-058
A60: sub-059 | B60: COMPLETED | C60: FLAG | D60: USABLE_NEEDS_INTERPOLATION | E60: overall FLAG; USABLE_NEEDS_INTERPOLATION: 8/8 recordings usable; bad channels in 4 recording(s) (FC1, C3, F7); alpha blocking weak (flag only) (median 1.3); notch filter suggested for 4/8 recordings | G60: M | H60: 60 | I60: right | J60: ses-1, ses-2 | K60: 8 | L60: 1 | M60: 7 | N60: 0 | O60: 0 | P60: 8 | Q60: 1 | R60: 3 | S60: 4 | T60: 0 | U60: FC1 x4, C3 x2, F7 x2, Fz x1, FC2 x1, F6 x1, F4 x1, F5 x1 | V60: Fz | W60: CRITICAL_CHANNEL_BAD; LOW_ALPHA_PROMINENCE; NO_ALPHA_BLOCKING; USABLE_NEEDS_INTERPOLATION; WEAK_ALPHA_BLOCKING | X60: 1.29 | Y60: 8.9 | Z60: 72.3 | AA60: 2026-10-21T14:47:48+00:00 | AB60: 2026-10-21T14:49:00+00:00 | AC60: yes | AD60: 191 | AE60: =FALSE() -> FALSE | AF60: screening-2.2 | AG60: qc_output/sub-059
A61: sub-060 | B61: COMPLETED | C61: FAIL | D61: PARTIALLY_USABLE | E61: overall FAIL; PARTIALLY_USABLE: 5/8 recordings usable; bad channels in 7 recording(s) (F3, F2, F1); alpha blocking OK (median 2.9); notch filter suggested for 5/8 recordings | G61: F | H61: 51 | I61: right | J61: ses-1, ses-2 | K61: 8 | L61: 2 | M61: 3 | N61: 3 | O61: 0 | P61: 5 | Q61: 1 | R61: 0 | S61: 4 | T61: 3 | U61: Fz x4, F1 x4, F2 x4, F3 x4, F4 x4, F6 x3, AF3 x2, AF4 x2, AF7 x2, AF8 x2, Fp1 x1, Fp2 x1, F7 x1, FC1 x1, F5 x1 | V61: Fz | W61: CRITICAL_CHANNEL_BAD; LINE_NOISE; TOO_MANY_BAD_CHANNELS; USABLE_NEEDS_INTERPOLATION; WEAK_ALPHA_BLOCKING | X61: 2.94 | Y61: 11.5 | Z61: 77.9 | AA61: 2026-10-21T14:49:02+00:00 | AB61: 2026-10-21T14:50:19+00:00 | AC61: yes | AD61: 192 | AE61: =FALSE() -> FALSE | AF61: screening-2.2 | AG61: qc_output/sub-060
A62: sub-061 | B62: COMPLETED | C62: FLAG | D62: USABLE_NEEDS_INTERPOLATION | E62: overall FLAG; USABLE_NEEDS_INTERPOLATION: 4/4 recordings usable; bad channels in 1 recording(s) (F1, F2, F3); alpha blocking OK (median 9.5); notch filter suggested for 4/4 recordings | G62: M | H62: 46 | I62: right | J62: ses-1 | K62: 4 | L62: 3 | M62: 1 | N62: 0 | O62: 0 | P62: 4 | Q62: 3 | R62: 0 | S62: 1 | T62: 0 | U62: F3 x1, Fz x1, F1 x1, F2 x1 | V62: Fz | W62: CRITICAL_CHANNEL_BAD; USABLE_NEEDS_INTERPOLATION | X62: 9.47 | Y62: 17.1 | Z62: 42.1 | AA62: 2026-10-21T14:50:20+00:00 | AB62: 2026-10-21T14:51:02+00:00 | AC62: yes | AD62: 96 | AE62: =FALSE() -> FALSE | AF62: screening-2.2 | AG62: qc_output/sub-061
A63: sub-062 | B63: COMPLETED | C63: FLAG | D63: USABLE_NEEDS_INTERPOLATION | E63: overall FLAG; USABLE_NEEDS_INTERPOLATION: 4/4 recordings usable; bad channels in 1 recording(s) (F7); alpha blocking OK (median 2.6); notch filter suggested for 2/4 recordings | G63: M | H63: 31 | I63: right | J63: ses-1 | K63: 4 | L63: 1 | M63: 3 | N63: 0 | O63: 0 | P63: 4 | Q63: 0 | R63: 3 | S63: 1 | T63: 0 | U63: F7 x1 | W63: LINE_NOISE; LOW_ALPHA_PROMINENCE; USABLE_NEEDS_INTERPOLATION | X63: 2.62 | Y63: 15 | Z63: 42 | AA63: 2026-10-21T14:51:03+00:00 | AB63: 2026-10-21T14:51:46+00:00 | AC63: yes | AD63: 95 | AE63: =FALSE() -> FALSE | AF63: screening-2.2 | AG63: qc_output/sub-062
A64: sub-063 | B64: COMPLETED | C64: FLAG | D64: USABLE_NEEDS_INTERPOLATION | E64: overall FLAG; USABLE_NEEDS_INTERPOLATION: 4/4 recordings usable; bad channels in 3 recording(s) (FC1, Fz, F1); alpha blocking OK (median 4.2); notch filter suggested for 2/4 recordings | G64: M | H64: 27 | I64: right | J64: ses-1 | K64: 4 | L64: 1 | M64: 3 | N64: 0 | O64: 0 | P64: 4 | Q64: 0 | R64: 1 | S64: 3 | T64: 0 | U64: Fz x2, FC1 x2, F1 x1 | V64: Fz | W64: CRITICAL_CHANNEL_BAD; LINE_NOISE; USABLE_NEEDS_INTERPOLATION | X64: 4.25 | Y64: 12.7 | Z64: 42.5 | AA64: 2026-10-21T14:51:47+00:00 | AB64: 2026-10-21T14:52:29+00:00 | AC64: yes | AD64: 95 | AE64: =FALSE() -> FALSE | AF64: screening-2.2 | AG64: qc_output/sub-063
A65: sub-064 | B65: COMPLETED | C65: FLAG | D65: USABLE_NEEDS_INTERPOLATION | E65: overall FLAG; USABLE_NEEDS_INTERPOLATION: 4/4 recordings usable; bad channels in 1 recording(s) (F1, F2, Fz); alpha blocking OK (median 11.0) | G65: M | H65: 51 | I65: right | J65: ses-1 | K65: 4 | L65: 3 | M65: 1 | N65: 0 | O65: 0 | P65: 4 | Q65: 3 | R65: 0 | S65: 1 | T65: 0 | U65: Fz x1, F1 x1, F2 x1 | V65: Fz | W65: CRITICAL_CHANNEL_BAD; USABLE_NEEDS_INTERPOLATION | X65: 10.99 | Y65: 7 | Z65: 42.9 | AA65: 2026-10-21T14:52:30+00:00 | AB65: 2026-10-21T14:53:13+00:00 | AC65: yes | AD65: 96 | AE65: =FALSE() -> FALSE | AF65: screening-2.2 | AG65: qc_output/sub-064
A66: sub-065 | B66: COMPLETED | C66: FAIL | D66: REJECT | E66: overall FAIL; REJECT: 0/4 recordings usable; bad channels in 4 recording(s) (FC2, F1, FC1); alpha blocking OK (median 6.5) | G66: F | H66: 50 | I66: right | J66: ses-1 | K66: 4 | L66: 0 | M66: 0 | N66: 4 | O66: 0 | P66: 0 | Q66: 0 | R66: 0 | S66: 0 | T66: 4 | U66: FC2 x4, FC1 x3, Cz x3, F1 x3, Fz x2, AF4 x2, F2 x2, F7 x2, F3 x2, F4 x2, F5 x2, F6 x2, FC3 x2, Fp1 x1, Fp2 x1, AF3 x1, AF7 x1, AF8 x1 | V66: Cz, Fz | W66: CRITICAL_CHANNELS_BAD; CRITICAL_CHANNEL_BAD; TOO_MANY_BAD_CHANNELS | X66: 6.54 | Y66: 4.2 | Z66: 42.7 | AA66: 2026-10-21T14:53:14+00:00 | AB66: 2026-10-21T14:53:57+00:00 | AC66: yes | AD66: 98 | AE66: =FALSE() -> FALSE | AF66: screening-2.2 | AG66: qc_output/sub-065
A67: sub-066 | B67: COMPLETED | C67: FAIL | D67: REJECT | E67: overall FAIL; REJECT: 0/4 recordings usable; bad channels in 4 recording(s) (AF3, AF4, AF7); alpha blocking OK (median 11.0); notch filter suggested for 2/4 recordings | G67: F | H67: 33 | I67: right | J67: ses-1 | K67: 4 | L67: 0 | M67: 0 | N67: 4 | O67: 0 | P67: 0 | Q67: 0 | R67: 0 | S67: 0 | T67: 4 | U67: Fp1 x4, Fp2 x4, F3 x4, F4 x4, AF7 x4, AF3 x4, AF4 x4, AF8 x4, F2 x4, Fz x3, F5 x3, F1 x3, F6 x3, F7 x1 | V67: Fz | W67: CRITICAL_CHANNEL_BAD; TOO_MANY_BAD_CHANNELS | X67: 10.98 | Y67: 9 | Z67: 42.5 | AA67: 2026-10-21T14:53:58+00:00 | AB67: 2026-10-21T14:54:41+00:00 | AC67: yes | AD67: 95 | AE67: =FALSE() -> FALSE | AF67: screening-2.2 | AG67: qc_output/sub-066
A68: sub-067 | B68: COMPLETED | C68: FAIL | D68: PARTIALLY_USABLE | E68: overall FAIL; PARTIALLY_USABLE: 2/4 recordings usable; bad channels in 4 recording(s) (F2, Fz, AF3); alpha blocking OK (median 2.7); notch filter suggested for 4/4 recordings | G68: F | H68: 20 | I68: right | J68: ses-1 | K68: 4 | L68: 0 | M68: 2 | N68: 2 | O68: 0 | P68: 2 | Q68: 0 | R68: 0 | S68: 2 | T68: 2 | U68: Fz x3, F2 x3, F4 x2, AF7 x2, AF3 x2, F1 x2, F6 x2, F3 x1, AF4 x1, AF8 x1, F5 x1 | V68: Fz | W68: CRITICAL_CHANNEL_BAD; TOO_MANY_BAD_CHANNELS; USABLE_NEEDS_INTERPOLATION | X68: 2.69 | Y68: 18.2 | Z68: 50.3 | AA68: 2026-10-21T14:54:42+00:00 | AB68: 2026-10-21T14:55:32+00:00 | AC68: yes | AD68: 95 | AE68: =FALSE() -> FALSE | AF68: screening-2.2 | AG68: qc_output/sub-067
A69: sub-068 | B69: COMPLETED | C69: FLAG | D69: USABLE_NEEDS_INTERPOLATION | E69: overall FLAG; USABLE_NEEDS_INTERPOLATION: 4/4 recordings usable; bad channels in 4 recording(s) (F1, Fz, F4); alpha blocking OK (median 6.6); notch filter suggested for 4/4 recordings | G69: M | H69: 42 | I69: right | J69: ses-1 | K69: 4 | L69: 1 | M69: 3 | N69: 0 | O69: 0 | P69: 4 | Q69: 0 | R69: 0 | S69: 4 | T69: 0 | U69: Fz x3, F1 x3, F7 x1, F4 x1, FC1 x1, F5 x1 | V69: Fz | W69: CRITICAL_CHANNEL_BAD; USABLE_NEEDS_INTERPOLATION | X69: 6.58 | Y69: 14.8 | Z69: 43.3 | AA69: 2026-10-21T14:55:33+00:00 | AB69: 2026-10-21T14:56:16+00:00 | AC69: yes | AD69: 97 | AE69: =FALSE() -> FALSE | AF69: screening-2.2 | AG69: qc_output/sub-068
A70: sub-069 | B70: COMPLETED | C70: FLAG | D70: USABLE_NEEDS_INTERPOLATION | E70: overall FLAG; USABLE_NEEDS_INTERPOLATION: 4/4 recordings usable; bad channels in 2 recording(s) (F1, F5, F7); alpha blocking weak (flag only) (median 1.1); notch filter suggested for 4/4 recordings | G70: M | H70: 47 | I70: right | J70: ses-1 | K70: 4 | L70: 0 | M70: 4 | N70: 0 | O70: 0 | P70: 4 | Q70: 0 | R70: 2 | S70: 2 | T70: 0 | U70: Fz x1, F5 x1, F1 x1, F7 x1, FC1 x1, FC2 x1, FC4 x1 | V70: Fz | W70: CRITICAL_CHANNEL_BAD; LOW_ALPHA_PROMINENCE; NO_ALPHA_BLOCKING; USABLE_NEEDS_INTERPOLATION; WEAK_ALPHA_BLOCKING | X70: 1.05 | Y70: 13.1 | Z70: 43 | AA70: 2026-10-21T14:56:18+00:00 | AB70: 2026-10-21T14:57:01+00:00 | AC70: yes | AD70: 99 | AE70: =FALSE() -> FALSE | AF70: screening-2.2 | AG70: qc_output/sub-069
A71: sub-070 | B71: REJECTED | E71: Rejected: Age above 60 (70) | F71: Age above 60 (70) | G71: M | H71: 70 | I71: right | Z71: 0 | AA71: 2026-10-21T15:19:12+00:00 | AB71: 2026-10-21T15:19:12+00:00 | AE71: =FALSE() -> FALSE | AF71: screening-2.2 | AG71: qc_output/sub-070
A72: sub-071 | B72: REJECTED | E72: Rejected: Age above 60 (64) | F72: Age above 60 (64) | G72: F | H72: 64 | I72: right | Z72: 0 | AA72: 2026-10-21T15:19:13+00:00 | AB72: 2026-10-21T15:19:13+00:00 | AE72: =FALSE() -> FALSE | AF72: screening-2.2 | AG72: qc_output/sub-071
A73: sub-072 | B73: COMPLETED | C73: FLAG | D73: USABLE_NEEDS_INTERPOLATION | E73: overall FLAG; USABLE_NEEDS_INTERPOLATION: 4/4 recordings usable; bad channels in 4 recording(s) (FC2, F2, Fz); alpha blocking OK (median 6.1); notch filter suggested for 2/4 recordings | G73: F | H73: 33 | I73: right | J73: ses-1 | K73: 4 | L73: 2 | M73: 2 | N73: 0 | O73: 0 | P73: 4 | Q73: 0 | R73: 0 | S73: 4 | T73: 0 | U73: FC2 x4, Fz x2, F2 x2, F1 x1 | V73: Fz | W73: CRITICAL_CHANNEL_BAD; USABLE_NEEDS_INTERPOLATION | X73: 6.06 | Y73: 11.8 | Z73: 41.5 | AA73: 2026-10-21T14:57:04+00:00 | AB73: 2026-10-21T14:57:45+00:00 | AC73: yes | AD73: 95 | AE73: =FALSE() -> FALSE | AF73: screening-2.2 | AG73: qc_output/sub-072
A74: sub-073 | B74: COMPLETED | C74: FAIL | D74: PARTIALLY_USABLE | E74: overall FAIL; PARTIALLY_USABLE: 4/8 recordings usable; bad channels in 8 recording(s) (FC2, AF3, AF8); alpha blocking OK (median 2.7); notch filter suggested for 6/8 recordings | G74: F | H74: 35 | I74: right | J74: ses-1, ses-2 | K74: 8 | L74: 3 | M74: 1 | N74: 4 | O74: 0 | P74: 4 | Q74: 0 | R74: 0 | S74: 4 | T74: 4 | U74: FC2 x5, Fp1 x4, Fp2 x4, F3 x4, Fz x4, F4 x4, AF3 x4, AF4 x4, AF8 x4, F1 x4, F2 x4, F6 x4, FC4 x4, F7 x3, F5 x3, FC6 x3, FC1 x2, F8 x2, FC3 x2, AF7 x1 | V74: Fz | W74: CRITICAL_CHANNEL_BAD; LINE_NOISE; TOO_MANY_BAD_CHANNELS; USABLE_NEEDS_INTERPOLATION; WEAK_ALPHA_BLOCKING | X74: 2.67 | Y74: 17.2 | Z74: 77.5 | AA74: 2026-10-21T14:57:46+00:00 | AB74: 2026-10-21T14:59:03+00:00 | AC74: yes | AD74: 196 | AE74: =FALSE() -> FALSE | AF74: screening-2.2 | AG74: qc_output/sub-073
A75: sub-074 | B75: COMPLETED | C75: FLAG | D75: USABLE_NEEDS_INTERPOLATION | E75: overall FLAG; USABLE_NEEDS_INTERPOLATION: 4/4 recordings usable; bad channels in 2 recording(s) (Fz, F1); alpha blocking OK (median 2.5); notch filter suggested for 1/4 recordings | G75: F | H75: 56 | I75: n/a | J75: ses-1 | K75: 4 | L75: 2 | M75: 2 | N75: 0 | O75: 0 | P75: 4 | Q75: 2 | R75: 0 | S75: 2 | T75: 0 | U75: Fz x2, F1 x1 | V75: Fz | W75: CRITICAL_CHANNEL_BAD; USABLE_NEEDS_INTERPOLATION | X75: 2.47 | Y75: 6.8 | Z75: 41.3 | AA75: 2026-10-21T14:59:05+00:00 | AB75: 2026-10-21T14:59:46+00:00 | AC75: yes | AD75: 95 | AE75: =FALSE() -> FALSE | AF75: screening-2.2 | AG75: qc_output/sub-074
A76: sub-075 | B76: REJECTED | E76: Rejected: Late triggers (late_ses1=1, late_ses2=0) | F76: Late triggers (late_ses1=1, late_ses2=0) | G76: F | H76: 56 | I76: right | Z76: 0 | AA76: 2026-10-21T15:19:18+00:00 | AB76: 2026-10-21T15:19:18+00:00 | AE76: =FALSE() -> FALSE | AF76: screening-2.2 | AG76: qc_output/sub-075
A77: sub-076 | B77: COMPLETED | C77: FLAG | D77: USABLE_NEEDS_INTERPOLATION | E77: overall FLAG; USABLE_NEEDS_INTERPOLATION: 8/8 recordings usable; bad channels in 6 recording(s) (FC2, F2, FC6); alpha blocking OK (median 3.3); notch filter suggested for 6/8 recordings | G77: M | H77: 56 | I77: right | J77: ses-1, ses-2 | K77: 8 | L77: 2 | M77: 6 | N77: 0 | O77: 0 | P77: 8 | Q77: 0 | R77: 2 | S77: 6 | T77: 0 | U77: FC2 x5, Fz x2, F2 x2, FC6 x2, FC4 x2, FC3 x1, FT8 x1, F7 x1 | V77: Fz | W77: CRITICAL_CHANNEL_BAD; HIGH_LINE_NOISE; LINE_NOISE; USABLE_NEEDS_INTERPOLATION | X77: 3.29 | Y77: 24.5 | Z77: 78.9 | AA77: 2026-10-21T14:59:48+00:00 | AB77: 2026-10-21T15:01:07+00:00 | AC77: yes | AD77: 200 | AE77: =FALSE() -> FALSE | AF77: screening-2.2 | AG77: qc_output/sub-076
A78: sub-077 | B78: REJECTED | E78: Rejected: Age above 60 (64) | F78: Age above 60 (64) | G78: M | H78: 64 | I78: right | Z78: 0 | AA78: 2026-10-21T15:19:22+00:00 | AB78: 2026-10-21T15:19:22+00:00 | AE78: =FALSE() -> FALSE | AF78: screening-2.2 | AG78: qc_output/sub-077
A79: sub-078 | B79: COMPLETED | C79: FLAG | D79: USABLE_NEEDS_INTERPOLATION | E79: overall FLAG; USABLE_NEEDS_INTERPOLATION: 4/4 recordings usable; bad channels in 1 recording(s) (Fz); alpha blocking OK (median 2.6); notch filter suggested for 4/4 recordings | G79: F | H79: 50 | I79: right | J79: ses-1 | K79: 4 | L79: 0 | M79: 4 | N79: 0 | O79: 0 | P79: 4 | Q79: 0 | R79: 3 | S79: 1 | T79: 0 | U79: Fz x1 | V79: Fz | W79: CRITICAL_CHANNEL_BAD; LINE_NOISE; USABLE_NEEDS_INTERPOLATION | X79: 2.57 | Y79: 23.7 | Z79: 42.7 | AA79: 2026-10-21T15:01:09+00:00 | AB79: 2026-10-21T15:01:52+00:00 | AC79: yes | AD79: 95 | AE79: =FALSE() -> FALSE | AF79: screening-2.2 | AG79: qc_output/sub-078
A80: sub-079 | B80: COMPLETED | C80: FLAG | D80: USABLE_NEEDS_INTERPOLATION | E80: overall FLAG; USABLE_NEEDS_INTERPOLATION: 4/4 recordings usable; bad channels in 4 recording(s) (Fz, C2, F1); alpha blocking weak (flag only) (median 0.7); notch filter suggested for 2/4 recordings | G80: F | H80: 33 | I80: right | J80: ses-1 | K80: 4 | L80: 0 | M80: 4 | N80: 0 | O80: 0 | P80: 4 | Q80: 0 | R80: 0 | S80: 4 | T80: 0 | U80: Fz x3, C2 x2, F1 x2, F2 x2 | V80: Fz | W80: CRITICAL_CHANNEL_BAD; NO_ALPHA_BLOCKING; USABLE_NEEDS_INTERPOLATION; WEAK_ALPHA_BLOCKING | X80: 0.67 | Y80: 8.2 | Z80: 42.2 | AA80: 2026-10-21T15:01:53+00:00 | AB80: 2026-10-21T15:02:35+00:00 | AC80: yes | AD80: 96 | AE80: =FALSE() -> FALSE | AF80: screening-2.2 | AG80: qc_output/sub-079
A81: sub-080 | B81: REJECTED | E81: Rejected: Age above 60 (64) | F81: Age above 60 (64) | G81: F | H81: 64 | I81: left | Z81: 0 | AA81: 2026-10-21T15:19:25+00:00 | AB81: 2026-10-21T15:19:25+00:00 | AE81: =FALSE() -> FALSE | AF81: screening-2.2 | AG81: qc_output/sub-080
A82: sub-081 | B82: COMPLETED | C82: FAIL | D82: PARTIALLY_USABLE | E82: overall FAIL; PARTIALLY_USABLE: 2/4 recordings usable; bad channels in 3 recording(s) (AF8, F2, F3); alpha blocking OK (median 8.7); notch filter suggested for 1/4 recordings | G82: M | H82: 48 | I82: right | J82: ses-1 | K82: 4 | L82: 1 | M82: 1 | N82: 2 | O82: 0 | P82: 2 | Q82: 1 | R82: 0 | S82: 1 | T82: 2 | U82: F7 x2, F3 x2, F4 x2, AF8 x2, F5 x2, F2 x2, Cz x1, Fp1 x1, Fp2 x1, Fz x1, AF7 x1, AF3 x1, AF4 x1, F1 x1, F6 x1 | V82: Cz, Fz | W82: CRITICAL_CHANNEL_BAD; TOO_MANY_BAD_CHANNELS; USABLE_NEEDS_INTERPOLATION | X82: 8.66 | Y82: 9.4 | Z82: 42.3 | AA82: 2026-10-21T15:02:37+00:00 | AB82: 2026-10-21T15:03:20+00:00 | AC82: yes | AD82: 96 | AE82: =FALSE() -> FALSE | AF82: screening-2.2 | AG82: qc_output/sub-081
A83: sub-082 | B83: COMPLETED | C83: FLAG | D83: USABLE_NEEDS_INTERPOLATION | E83: overall FLAG; USABLE_NEEDS_INTERPOLATION: 4/4 recordings usable; bad channels in 4 recording(s) (Fz, F5, F4); alpha blocking OK (median 3.0); notch filter suggested for 4/4 recordings | G83: F | H83: 26 | I83: right | J83: ses-1 | K83: 4 | L83: 0 | M83: 4 | N83: 0 | O83: 0 | P83: 4 | Q83: 0 | R83: 0 | S83: 4 | T83: 0 | U83: Fz x2, F7 x1, F4 x1, F5 x1, F6 x1, F8 x1, FC1 x1 | V83: Fz | W83: CRITICAL_CHANNEL_BAD; LINE_NOISE; USABLE_NEEDS_INTERPOLATION; WEAK_ALPHA_BLOCKING | X83: 2.98 | Y83: 22.9 | Z83: 43.6 | AA83: 2026-10-21T15:03:21+00:00 | AB83: 2026-10-21T15:04:05+00:00 | AC83: yes | AD83: 97 | AE83: =FALSE() -> FALSE | AF83: screening-2.2 | AG83: qc_output/sub-082
A84: sub-083 | B84: REJECTED | E84: Rejected: Age above 60 (62) | F84: Age above 60 (62) | G84: F | H84: 62 | I84: right | Z84: 0 | AA84: 2026-10-21T15:19:29+00:00 | AB84: 2026-10-21T15:19:29+00:00 | AE84: =FALSE() -> FALSE | AF84: screening-2.2 | AG84: qc_output/sub-083
A85: sub-084 | B85: COMPLETED | C85: FAIL | D85: REJECT | E85: overall FAIL; REJECT: 0/4 recordings usable; bad channels in 4 recording(s) (Cz, AF3, AF8); alpha blocking OK (median 2.7); notch filter suggested for 1/4 recordings | G85: F | H85: 28 | I85: right | J85: ses-1 | K85: 4 | L85: 0 | M85: 0 | N85: 4 | O85: 0 | P85: 0 | Q85: 0 | R85: 0 | S85: 0 | T85: 4 | U85: Cz x4, Fp1 x3, F3 x3, Fz x3, AF3 x3, AF8 x3, Fp2 x2, FC2 x2, AF7 x2, F4 x1, AF4 x1, F1 x1, F2 x1, F6 x1, F8 x1, F5 x1, FC4 x1 | V85: Cz, Fz | W85: CRITICAL_CHANNELS_BAD; CRITICAL_CHANNEL_BAD; LOW_ALPHA_PROMINENCE; TOO_MANY_BAD_CHANNELS | X85: 2.75 | Y85: 7.2 | Z85: 42.2 | AA85: 2026-10-21T15:04:07+00:00 | AB85: 2026-10-21T15:04:49+00:00 | AC85: yes | AD85: 96 | AE85: =FALSE() -> FALSE | AF85: screening-2.2 | AG85: qc_output/sub-084
A86: sub-085 | B86: REJECTED | E86: Rejected: Late triggers (late_ses1=99, late_ses2=n/a) | F86: Late triggers (late_ses1=99, late_ses2=n/a) | G86: F | H86: 22 | I86: right | Z86: 0 | AA86: 2026-10-21T15:19:31+00:00 | AB86: 2026-10-21T15:19:31+00:00 | AE86: =FALSE() -> FALSE | AF86: screening-2.2 | AG86: qc_output/sub-085
A87: sub-086 | B87: COMPLETED | C87: FLAG | D87: USABLE_NEEDS_INTERPOLATION | E87: overall FLAG; USABLE_NEEDS_INTERPOLATION: 8/8 recordings usable; bad channels in 7 recording(s) (Fz, F2, F8); alpha blocking OK (median 5.2); notch filter suggested for 4/8 recordings | G87: F | H87: 31 | I87: right | J87: ses-1, ses-2 | K87: 8 | L87: 2 | M87: 6 | N87: 0 | O87: 0 | P87: 8 | Q87: 0 | R87: 1 | S87: 7 | T87: 0 | U87: Fz x4, F2 x3, F8 x3, F7 x2, FC2 x2 | V87: Fz | W87: CRITICAL_CHANNEL_BAD; LINE_NOISE; LOW_ALPHA_PROMINENCE; NO_ALPHA_BLOCKING; USABLE_NEEDS_INTERPOLATION | X87: 5.17 | Y87: 10.8 | Z87: 84.9 | AA87: 2026-10-21T15:04:52+00:00 | AB87: 2026-10-21T15:06:17+00:00 | AC87: yes | AD87: 188 | AE87: =FALSE() -> FALSE | AF87: screening-2.2 | AG87: qc_output/sub-086
A88: sub-087 | B88: COMPLETED | C88: FAIL | D88: PARTIALLY_USABLE | E88: overall FAIL; PARTIALLY_USABLE: 3/4 recordings usable; bad channels in 3 recording(s) (Fz, AF4, F1); alpha blocking weak (flag only) (median 1.0); notch filter suggested for 2/4 recordings | G88: F | H88: 51 | I88: right | J88: ses-1 | K88: 4 | L88: 0 | M88: 3 | N88: 1 | O88: 0 | P88: 3 | Q88: 0 | R88: 1 | S88: 2 | T88: 1 | U88: Fz x2, F3 x1, F4 x1, AF4 x1, AF8 x1, F5 x1, F1 x1, F2 x1, F6 x1, F8 x1, FC1 x1, FC3 x1 | V88: Fz | W88: CRITICAL_CHANNEL_BAD; LOW_ALPHA_PROMINENCE; TOO_MANY_BAD_CHANNELS; USABLE_NEEDS_INTERPOLATION; WEAK_ALPHA_BLOCKING | X88: 1.02 | Y88: 9.5 | Z88: 42.6 | AA88: 2026-10-21T15:06:18+00:00 | AB88: 2026-10-21T15:07:00+00:00 | AC88: yes | AD88: 97 | AE88: =FALSE() -> FALSE | AF88: screening-2.2 | AG88: qc_output/sub-087
A89: sub-088 | B89: COMPLETED | C89: FLAG | D89: USABLE_NEEDS_INTERPOLATION | E89: overall FLAG; USABLE_NEEDS_INTERPOLATION: 4/4 recordings usable; bad channels in 3 recording(s) (Fz); alpha blocking OK (median 9.1); notch filter suggested for 3/4 recordings | G89: F | H89: 40 | I89: right | J89: ses-1 | K89: 4 | L89: 1 | M89: 3 | N89: 0 | O89: 0 | P89: 4 | Q89: 1 | R89: 0 | S89: 3 | T89: 0 | U89: Fz x3 | V89: Fz | W89: CRITICAL_CHANNEL_BAD; USABLE_NEEDS_INTERPOLATION | X89: 9.08 | Y89: 16 | Z89: 42.5 | AA89: 2026-10-21T15:07:02+00:00 | AB89: 2026-10-21T15:07:44+00:00 | AC89: yes | AD89: 98 | AE89: =FALSE() -> FALSE | AF89: screening-2.2 | AG89: qc_output/sub-088
A90: sub-089 | B90: COMPLETED | C90: FLAG | D90: USABLE_NEEDS_INTERPOLATION | E90: overall FLAG; USABLE_NEEDS_INTERPOLATION: 4/4 recordings usable; bad channels in 4 recording(s) (F2, F8, Fz); alpha blocking OK (median 3.2) | G90: M | H90: 31 | I90: right | J90: ses-1 | K90: 4 | L90: 1 | M90: 3 | N90: 0 | O90: 0 | P90: 4 | Q90: 0 | R90: 0 | S90: 4 | T90: 0 | U90: Fz x2, F2 x2, F8 x2, F1 x1, AF7 x1, F4 x1, F6 x1 | V90: Fz | W90: CRITICAL_CHANNEL_BAD; DURATION_S; NO_ALPHA_BLOCKING; USABLE_NEEDS_INTERPOLATION | X90: 3.25 | Y90: 6.3 | Z90: 44.8 | AA90: 2026-10-21T15:07:46+00:00 | AB90: 2026-10-21T15:08:31+00:00 | AC90: yes | AD90: 106 | AE90: =FALSE() -> FALSE | AF90: screening-2.2 | AG90: qc_output/sub-089
A91: sub-090 | B91: COMPLETED | C91: FLAG | D91: USABLE_NEEDS_INTERPOLATION | E91: overall FLAG; USABLE_NEEDS_INTERPOLATION: 4/4 recordings usable; bad channels in 3 recording(s) (Fz, F1, FC1); alpha blocking OK (median 9.1); notch filter suggested for 4/4 recordings | G91: F | H91: 60 | I91: right | J91: ses-1 | K91: 4 | L91: 2 | M91: 2 | N91: 0 | O91: 0 | P91: 4 | Q91: 1 | R91: 0 | S91: 3 | T91: 0 | U91: Fz x2, FC1 x1, F1 x1 | V91: Fz | W91: CRITICAL_CHANNEL_BAD; USABLE_NEEDS_INTERPOLATION | X91: 9.06 | Y91: 14 | Z91: 42.5 | AA91: 2026-10-21T15:08:32+00:00 | AB91: 2026-10-21T15:09:15+00:00 | AC91: yes | AD91: 97 | AE91: =FALSE() -> FALSE | AF91: screening-2.2 | AG91: qc_output/sub-090
A92: sub-091 | B92: COMPLETED | C92: FAIL | D92: PARTIALLY_USABLE | E92: overall FAIL; PARTIALLY_USABLE: 6/8 recordings usable; bad channels in 4 recording(s) (F2, Fz, F1); alpha blocking OK (median 13.3); notch filter suggested for 2/8 recordings | G92: M | H92: 27 | I92: right | J92: ses-1, ses-2 | K92: 8 | L92: 4 | M92: 2 | N92: 2 | O92: 0 | P92: 6 | Q92: 3 | R92: 1 | S92: 2 | T92: 2 | U92: F2 x4, F1 x3, Fz x3, F3 x2, Fp1 x2, Fp2 x2, AF7 x2, AF3 x2, AF4 x2, F4 x1, F6 x1, FC1 x1, AF8 x1 | V92: Fz | W92: CRITICAL_CHANNEL_BAD; TOO_MANY_BAD_CHANNELS; USABLE_NEEDS_INTERPOLATION; WEAK_ALPHA_BLOCKING | X92: 13.3 | Y92: 8.6 | Z92: 78.1 | AA92: 2026-10-21T15:09:16+00:00 | AB92: 2026-10-21T15:10:34+00:00 | AC92: yes | AD92: 193 | AE92: =FALSE() -> FALSE | AF92: screening-2.2 | AG92: qc_output/sub-091
A93: sub-092 | B93: COMPLETED | C93: FLAG | D93: USABLE_NEEDS_INTERPOLATION | E93: overall FLAG; USABLE_NEEDS_INTERPOLATION: 8/8 recordings usable; bad channels in 6 recording(s) (F6, F8, FC1); alpha blocking OK (median 2.9); notch filter suggested for 4/8 recordings | G93: F | H93: 40 | I93: right | J93: ses-1, ses-2 | K93: 8 | L93: 2 | M93: 6 | N93: 0 | O93: 0 | P93: 8 | Q93: 1 | R93: 1 | S93: 6 | T93: 0 | U93: F6 x4, FC1 x2, FC3 x2, Fz x2, F8 x2, F1 x1, FC2 x1 | V93: Fz | W93: CRITICAL_CHANNEL_BAD; LINE_NOISE; LOW_ALPHA_PROMINENCE; NO_ALPHA_BLOCKING; USABLE_NEEDS_INTERPOLATION; WEAK_ALPHA_BLOCKING | X93: 2.87 | Y93: 9.9 | Z93: 76.7 | AA93: 2026-10-21T15:10:36+00:00 | AB93: 2026-10-21T15:11:52+00:00 | AC93: yes | AD93: 194 | AE93: =FALSE() -> FALSE | AF93: screening-2.2 | AG93: qc_output/sub-092
A94: sub-093 | B94: REJECTED | E94: Rejected: Late triggers (late_ses1=14, late_ses2=n/a) | F94: Late triggers (late_ses1=14, late_ses2=n/a) | G94: F | H94: 54 | I94: right | Z94: 0 | AA94: 2026-10-21T15:19:42+00:00 | AB94: 2026-10-21T15:19:42+00:00 | AE94: =FALSE() -> FALSE | AF94: screening-2.2 | AG94: qc_output/sub-093
A95: sub-094 | B95: COMPLETED | C95: FAIL | D95: PARTIALLY_USABLE | E95: overall FAIL; PARTIALLY_USABLE: 1/4 recordings usable; bad channels in 4 recording(s) (AF3, AF4, F2); alpha blocking OK (median 3.6); notch filter suggested for 3/4 recordings | G95: F | H95: 51 | I95: right | J95: ses-1 | K95: 4 | L95: 0 | M95: 1 | N95: 3 | O95: 0 | P95: 1 | Q95: 0 | R95: 0 | S95: 1 | T95: 3 | U95: AF3 x4, AF4 x4, Fz x3, F4 x3, F1 x3, F2 x3, F6 x3, Fp2 x2, F3 x2, AF7 x1, AF8 x1, F5 x1 | V95: Fz | W95: CRITICAL_CHANNEL_BAD; TOO_MANY_BAD_CHANNELS; USABLE_NEEDS_INTERPOLATION | X95: 3.59 | Y95: 12.4 | Z95: 44.7 | AA95: 2026-10-21T15:11:55+00:00 | AB95: 2026-10-21T15:12:40+00:00 | AC95: yes | AD95: 101 | AE95: =FALSE() -> FALSE | AF95: screening-2.2 | AG95: qc_output/sub-094
A96: sub-095 | B96: COMPLETED | C96: FAIL | D96: PARTIALLY_USABLE | E96: overall FAIL; PARTIALLY_USABLE: 3/4 recordings usable; bad channels in 2 recording(s) (AF3, AF4, AF7); alpha blocking weak (flag only) (median 0.8); notch filter suggested for 2/4 recordings | G96: F | H96: 54 | I96: right | J96: ses-1 | K96: 4 | L96: 0 | M96: 3 | N96: 1 | O96: 0 | P96: 3 | Q96: 0 | R96: 2 | S96: 1 | T96: 1 | U96: Fp1 x1, Fp2 x1, AF7 x1, AF3 x1, AF4 x1, AF8 x1, F7 x1, F3 x1, Fz x1, F4 x1, FC1 x1, F5 x1, F1 x1, F2 x1, F6 x1 | V96: Fz | W96: CRITICAL_CHANNEL_BAD; LOW_ALPHA_PROMINENCE; NO_ALPHA_BLOCKING; TOO_MANY_BAD_CHANNELS; USABLE_NEEDS_INTERPOLATION; WEAK_ALPHA_BLOCKING | X96: 0.78 | Y96: 10.8 | Z96: 43.6 | AA96: 2026-10-21T15:12:41+00:00 | AB96: 2026-10-21T15:13:25+00:00 | AC96: yes | AD96: 98 | AE96: =FALSE() -> FALSE | AF96: screening-2.2 | AG96: qc_output/sub-095
A97: sub-096 | B97: COMPLETED | C97: FAIL | D97: PARTIALLY_USABLE | E97: overall FAIL; PARTIALLY_USABLE: 7/8 recordings usable; bad channels in 7 recording(s) (Fz, F3, F1); alpha blocking OK (median 2.8); notch filter suggested for 8/8 recordings | G97: F | H97: 27 | I97: right | J97: ses-1, ses-2 | K97: 8 | L97: 0 | M97: 7 | N97: 1 | O97: 0 | P97: 7 | Q97: 0 | R97: 1 | S97: 6 | T97: 1 | U97: Fz x6, F3 x4, F1 x3, F2 x2, F5 x2, F4 x1, F6 x1, Fp1 x1, Fp2 x1, AF7 x1, AF3 x1, AF4 x1, AF8 x1, FC1 x1, FC3 x1 | V97: Fz | W97: CRITICAL_CHANNEL_BAD; LINE_NOISE; LOW_ALPHA_PROMINENCE; NO_ALPHA_BLOCKING; TOO_MANY_BAD_CHANNELS; USABLE_NEEDS_INTERPOLATION | X97: 2.77 | Y97: 24.4 | Z97: 76.3 | AA97: 2026-10-21T15:13:27+00:00 | AB97: 2026-10-21T15:14:43+00:00 | AC97: yes | AD97: 193 | AE97: =FALSE() -> FALSE | AF97: screening-2.2 | AG97: qc_output/sub-096
A98: sub-097 | B98: REJECTED | E98: Rejected: Late triggers (late_ses1=50, late_ses2=n/a) | F98: Late triggers (late_ses1=50, late_ses2=n/a) | G98: F | H98: 53 | I98: right | Z98: 0 | AA98: 2026-10-21T15:19:47+00:00 | AB98: 2026-10-21T15:19:47+00:00 | AE98: =FALSE() -> FALSE | AF98: screening-2.2 | AG98: qc_output/sub-097
A99: sub-098 | B99: COMPLETED | C99: FAIL | D99: PARTIALLY_USABLE | E99: overall FAIL; PARTIALLY_USABLE: 3/8 recordings usable; bad channels in 8 recording(s) (AF3, F1, F3); alpha blocking OK (median 5.7); notch filter suggested for 5/8 recordings | G99: F | H99: 59 | I99: right | J99: ses-1, ses-2 | K99: 8 | L99: 2 | M99: 1 | N99: 5 | O99: 0 | P99: 3 | Q99: 0 | R99: 0 | S99: 3 | T99: 5 | U99: F3 x5, F4 x5, AF3 x5, F1 x5, F6 x5, Fp1 x4, Fp2 x4, AF4 x4, F2 x4, FC1 x3, F8 x3, F5 x2, Fz x2, AF8 x1, F7 x1, AF7 x1, FC3 x1 | V99: Fz | W99: CRITICAL_CHANNEL_BAD; LINE_NOISE; LOW_ALPHA_PROMINENCE; TOO_MANY_BAD_CHANNELS; USABLE_NEEDS_INTERPOLATION | X99: 5.69 | Y99: 15.7 | Z99: 84.6 | AA99: 2026-10-21T15:14:45+00:00 | AB99: 2026-10-21T15:16:10+00:00 | AC99: yes | AD99: 192 | AE99: =FALSE() -> FALSE | AF99: screening-2.2 | AG99: qc_output/sub-098
A100: sub-099 | B100: COMPLETED | C100: FLAG | D100: USABLE_NEEDS_INTERPOLATION | E100: overall FLAG; USABLE_NEEDS_INTERPOLATION: 4/4 recordings usable; bad channels in 3 recording(s) (F1, Fz); alpha blocking weak (flag only) (median 1.1); notch filter suggested for 2/4 recordings | G100: F | H100: 20 | I100: right | J100: ses-1 | K100: 4 | L100: 0 | M100: 4 | N100: 0 | O100: 0 | P100: 4 | Q100: 0 | R100: 1 | S100: 3 | T100: 0 | U100: Fz x3, F1 x3 | V100: Fz | W100: CRITICAL_CHANNEL_BAD; LOW_ALPHA_PROMINENCE; NO_ALPHA_BLOCKING; USABLE_NEEDS_INTERPOLATION | X100: 1.11 | Y100: 11.8 | Z100: 43.5 | AA100: 2026-10-21T15:16:11+00:00 | AB100: 2026-10-21T15:16:55+00:00 | AC100: yes | AD100: 95 | AE100: =FALSE() -> FALSE | AF100: screening-2.2 | AG100: qc_output/sub-099
...

Sheet Recording_Ranking
A1: Rank | B1: Quality score (0-100) | C1: Subject | D1: Session | E1: Task | F1: Acq | G1: Label | H1: Overall | I1: Bad channels (n) | J1: Critical bad (n) | K1: Uncorrelated (n) | L1: Spatial corr | M1: 50 Hz noise (dB) | N1: Frozen (s) | O1: Duration (s) | P1: Alpha prominence (dB) | Q1: Bad channel names | R1: QC codes | T1: Score component | U1: Weight | V1: Best value (full score) | W1: Worst value (zero score)
A2: =IF(G2="REJECT",COUNTIF($G$2:$G$2277,"<>REJECT")+1+COUNTIFS($G$2:$G$2277,"REJECT",$B$2:$B$2277,">"&B2),1+COUNTIFS($G$2:$G$2277,"<>REJECT",$B$2:$B$2277,">"&B2)) -> 1 | B2: =ROUND(($U$2*MAX(0,MIN(1,($W$2-I2)/($W$2-$V$2)))+$U$3*MAX(0,MIN(1,($W$3-J2)/($W$3-$V$3)))+$U$4*MAX(0,MIN(1,($W$4-K2)/($W$4-$V$4)))+$U$5*MAX(0,MIN(1,($W$5-L2)/($W$5-$V$5)))+$U$6*MAX(0,MIN(1,($W$6-M2)/($W$6-$V$6)))+$U$7*MAX(0,MIN(1,($W$7-N2)/($W$7-$V$7)))+$U$8*IF(AND(O2>=$V$8,O2<=$W$8),1,0))/$U$9*100,2) -> 99.32 | C2: sub-584 | D2: ses-1 | E2: EyesOpen | F2: post | G2: USABLE_WITH_FLAGS | H2: FLAG | I2: 0 | J2: 0 | K2: 0 | L2: 0.85 | M2: 2.5 | N2: 0.16 | O2: 183 | P2: -3.04 | R2: NO_ALPHA_BLOCKING | T2: Bad channels (count) | U2: 35 | V2: 0 | W2: 8
A3: =IF(G3="REJECT",COUNTIF($G$2:$G$2277,"<>REJECT")+1+COUNTIFS($G$2:$G$2277,"REJECT",$B$2:$B$2277,">"&B3),1+COUNTIFS($G$2:$G$2277,"<>REJECT",$B$2:$B$2277,">"&B3)) -> 2 | B3: =ROUND(($U$2*MAX(0,MIN(1,($W$2-I3)/($W$2-$V$2)))+$U$3*MAX(0,MIN(1,($W$3-J3)/($W$3-$V$3)))+$U$4*MAX(0,MIN(1,($W$4-K3)/($W$4-$V$4)))+$U$5*MAX(0,MIN(1,($W$5-L3)/($W$5-$V$5)))+$U$6*MAX(0,MIN(1,($W$6-M3)/($W$6-$V$6)))+$U$7*MAX(0,MIN(1,($W$7-N3)/($W$7-$V$7)))+$U$8*IF(AND(O3>=$V$8,O3<=$W$8),1,0))/$U$9*100,2) -> 99.1 | C3: sub-584 | D3: ses-1 | E3: EyesClosed | F3: post | G3: USABLE_WITH_FLAGS | H3: FLAG | I3: 0 | J3: 0 | K3: 0 | L3: 0.8 | M3: 5.39 | N3: 0 | O3: 183 | P3: -0.44 | R3: LOW_ALPHA_PROMINENCE; NO_ALPHA_BLOCKING | T3: Critical channels bad (count: Fz Cz Pz O1 O2) | U3: 20 | V3: 0 | W3: 2
A4: =IF(G4="REJECT",COUNTIF($G$2:$G$2277,"<>REJECT")+1+COUNTIFS($G$2:$G$2277,"REJECT",$B$2:$B$2277,">"&B4),1+COUNTIFS($G$2:$G$2277,"<>REJECT",$B$2:$B$2277,">"&B4)) -> 3 | B4: =ROUND(($U$2*MAX(0,MIN(1,($W$2-I4)/($W$2-$V$2)))+$U$3*MAX(0,MIN(1,($W$3-J4)/($W$3-$V$3)))+$U$4*MAX(0,MIN(1,($W$4-K4)/($W$4-$V$4)))+$U$5*MAX(0,MIN(1,($W$5-L4)/($W$5-$V$5)))+$U$6*MAX(0,MIN(1,($W$6-M4)/($W$6-$V$6)))+$U$7*MAX(0,MIN(1,($W$7-N4)/($W$7-$V$7)))+$U$8*IF(AND(O4>=$V$8,O4<=$W$8),1,0))/$U$9*100,2) -> 98.82 | C4: sub-585 | D4: ses-1 | E4: EyesOpen | F4: post | G4: USABLE | H4: PASS | I4: 0 | J4: 0 | K4: 0 | L4: 0.81 | M4: 5.08 | N4: 0.2 | O4: 185 | P4: 0.83 | T4: Uncorrelated / noisy channels (count) | U4: 15 | V4: 0 | W4: 8
A5: =IF(G5="REJECT",COUNTIF($G$2:$G$2277,"<>REJECT")+1+COUNTIFS($G$2:$G$2277,"REJECT",$B$2:$B$2277,">"&B5),1+COUNTIFS($G$2:$G$2277,"<>REJECT",$B$2:$B$2277,">"&B5)) -> 4 | B5: =ROUND(($U$2*MAX(0,MIN(1,($W$2-I5)/($W$2-$V$2)))+$U$3*MAX(0,MIN(1,($W$3-J5)/($W$3-$V$3)))+$U$4*MAX(0,MIN(1,($W$4-K5)/($W$4-$V$4)))+$U$5*MAX(0,MIN(1,($W$5-L5)/($W$5-$V$5)))+$U$6*MAX(0,MIN(1,($W$6-M5)/($W$6-$V$6)))+$U$7*MAX(0,MIN(1,($W$7-N5)/($W$7-$V$7)))+$U$8*IF(AND(O5>=$V$8,O5<=$W$8),1,0))/$U$9*100,2) -> 98.67 | C5: sub-518 | D5: ses-1 | E5: EyesClosed | F5: post | G5: USABLE_WITH_FLAGS | H5: FLAG | I5: 0 | J5: 0 | K5: 0 | L5: 0.82 | M5: 5.19 | N5: 0.28 | O5: 187 | P5: 5.39 | R5: NO_ALPHA_BLOCKING | T5: Median spatial correlation (higher = better) | U5: 15 | V5: 0.8 | W5: 0.55
A6: =IF(G6="REJECT",COUNTIF($G$2:$G$2277,"<>REJECT")+1+COUNTIFS($G$2:$G$2277,"REJECT",$B$2:$B$2277,">"&B6),1+COUNTIFS($G$2:$G$2277,"<>REJECT",$B$2:$B$2277,">"&B6)) -> 5 | B6: =ROUND(($U$2*MAX(0,MIN(1,($W$2-I6)/($W$2-$V$2)))+$U$3*MAX(0,MIN(1,($W$3-J6)/($W$3-$V$3)))+$U$4*MAX(0,MIN(1,($W$4-K6)/($W$4-$V$4)))+$U$5*MAX(0,MIN(1,($W$5-L6)/($W$5-$V$5)))+$U$6*MAX(0,MIN(1,($W$6-M6)/($W$6-$V$6)))+$U$7*MAX(0,MIN(1,($W$7-N6)/($W$7-$V$7)))+$U$8*IF(AND(O6>=$V$8,O6<=$W$8),1,0))/$U$9*100,2) -> 98.6 | C6: sub-219 | D6: ses-1 | E6: EyesClosed | F6: post | G6: USABLE | H6: PASS | I6: 0 | J6: 0 | K6: 0 | L6: 0.79 | M6: 2.38 | N6: 0.24 | O6: 215 | P6: 9.42 | T6: 50 Hz line noise (dB) | U6: 5 | V6: 0 | W6: 30
A7: =IF(G7="REJECT",COUNTIF($G$2:$G$2277,"<>REJECT")+1+COUNTIFS($G$2:$G$2277,"REJECT",$B$2:$B$2277,">"&B7),1+COUNTIFS($G$2:$G$2277,"<>REJECT",$B$2:$B$2277,">"&B7)) -> 6 | B7: =ROUND(($U$2*MAX(0,MIN(1,($W$2-I7)/($W$2-$V$2)))+$U$3*MAX(0,MIN(1,($W$3-J7)/($W$3-$V$3)))+$U$4*MAX(0,MIN(1,($W$4-K7)/($W$4-$V$4)))+$U$5*MAX(0,MIN(1,($W$5-L7)/($W$5-$V$5)))+$U$6*MAX(0,MIN(1,($W$6-M7)/($W$6-$V$6)))+$U$7*MAX(0,MIN(1,($W$7-N7)/($W$7-$V$7)))+$U$8*IF(AND(O7>=$V$8,O7<=$W$8),1,0))/$U$9*100,2) -> 98.55 | C7: sub-016 | D7: ses-1 | E7: EyesOpen | F7: post | G7: USABLE | H7: PASS | I7: 0 | J7: 0 | K7: 0 | L7: 0.81 | M7: 8.68 | N7: 0 | O7: 187 | P7: 7.57 | T7: Frozen / flat segments (s) | U7: 5 | V7: 0 | W7: 3
A8: =IF(G8="REJECT",COUNTIF($G$2:$G$2277,"<>REJECT")+1+COUNTIFS($G$2:$G$2277,"REJECT",$B$2:$B$2277,">"&B8),1+COUNTIFS($G$2:$G$2277,"<>REJECT",$B$2:$B$2277,">"&B8)) -> 7 | B8: =ROUND(($U$2*MAX(0,MIN(1,($W$2-I8)/($W$2-$V$2)))+$U$3*MAX(0,MIN(1,($W$3-J8)/($W$3-$V$3)))+$U$4*MAX(0,MIN(1,($W$4-K8)/($W$4-$V$4)))+$U$5*MAX(0,MIN(1,($W$5-L8)/($W$5-$V$5)))+$U$6*MAX(0,MIN(1,($W$6-M8)/($W$6-$V$6)))+$U$7*MAX(0,MIN(1,($W$7-N8)/($W$7-$V$7)))+$U$8*IF(AND(O8>=$V$8,O8<=$W$8),1,0))/$U$9*100,2) -> 98.53 | C8: sub-576 | D8: ses-1 | E8: EyesOpen | F8: pre | G8: USABLE | H8: PASS | I8: 0 | J8: 0 | K8: 0 | L8: 0.8 | M8: 6.41 | N8: 0.24 | O8: 188 | P8: 4.13 | T8: Duration inside range (s): from / to | U8: 5 | V8: 120 | W8: 240
A9: =IF(G9="REJECT",COUNTIF($G$2:$G$2277,"<>REJECT")+1+COUNTIFS($G$2:$G$2277,"REJECT",$B$2:$B$2277,">"&B9),1+COUNTIFS($G$2:$G$2277,"<>REJECT",$B$2:$B$2277,">"&B9)) -> 8 | B9: =ROUND(($U$2*MAX(0,MIN(1,($W$2-I9)/($W$2-$V$2)))+$U$3*MAX(0,MIN(1,($W$3-J9)/($W$3-$V$3)))+$U$4*MAX(0,MIN(1,($W$4-K9)/($W$4-$V$4)))+$U$5*MAX(0,MIN(1,($W$5-L9)/($W$5-$V$5)))+$U$6*MAX(0,MIN(1,($W$6-M9)/($W$6-$V$6)))+$U$7*MAX(0,MIN(1,($W$7-N9)/($W$7-$V$7)))+$U$8*IF(AND(O9>=$V$8,O9<=$W$8),1,0))/$U$9*100,2) -> 98.5 | C9: sub-368 | D9: ses-2 | E9: EyesOpen | F9: pre | G9: USABLE | H9: PASS | I9: 0 | J9: 0 | K9: 0 | L9: 0.81 | M9: 7.79 | N9: 0.12 | O9: 183 | P9: 1.5 | T9: Total weight | U9: =SUM(U2:U8) -> 100
A10: =IF(G10="REJECT",COUNTIF($G$2:$G$2277,"<>REJECT")+1+COUNTIFS($G$2:$G$2277,"REJECT",$B$2:$B$2277,">"&B10),1+COUNTIFS($G$2:$G$2277,"<>REJECT",$B$2:$B$2277,">"&B10)) -> 9 | B10: =ROUND(($U$2*MAX(0,MIN(1,($W$2-I10)/($W$2-$V$2)))+$U$3*MAX(0,MIN(1,($W$3-J10)/($W$3-$V$3)))+$U$4*MAX(0,MIN(1,($W$4-K10)/($W$4-$V$4)))+$U$5*MAX(0,MIN(1,($W$5-L10)/($W$5-$V$5)))+$U$6*MAX(0,MIN(1,($W$6-M10)/($W$6-$V$6)))+$U$7*MAX(0,MIN(1,($W$7-N10)/($W$7-$V$7)))+$U$8*IF(AND(O10>=$V$8,O10<=$W$8),1,0))/$U$9*100,2) -> 98.47 | C10: sub-088 | D10: ses-1 | E10: EyesOpen | F10: post | G10: USABLE | H10: PASS | I10: 0 | J10: 0 | K10: 0 | L10: 0.8 | M10: 9.21 | N10: 0 | O10: 196 | P10: 2.64
A11: =IF(G11="REJECT",COUNTIF($G$2:$G$2277,"<>REJECT")+1+COUNTIFS($G$2:$G$2277,"REJECT",$B$2:$B$2277,">"&B11),1+COUNTIFS($G$2:$G$2277,"<>REJECT",$B$2:$B$2277,">"&B11)) -> 10 | B11: =ROUND(($U$2*MAX(0,MIN(1,($W$2-I11)/($W$2-$V$2)))+$U$3*MAX(0,MIN(1,($W$3-J11)/($W$3-$V$3)))+$U$4*MAX(0,MIN(1,($W$4-K11)/($W$4-$V$4)))+$U$5*MAX(0,MIN(1,($W$5-L11)/($W$5-$V$5)))+$U$6*MAX(0,MIN(1,($W$6-M11)/($W$6-$V$6)))+$U$7*MAX(0,MIN(1,($W$7-N11)/($W$7-$V$7)))+$U$8*IF(AND(O11>=$V$8,O11<=$W$8),1,0))/$U$9*100,2) -> 98.42 | C11: sub-266 | D11: ses-1 | E11: EyesClosed | F11: post | G11: USABLE | H11: PASS | I11: 0 | J11: 0 | K11: 0 | L11: 0.84 | M11: 5.1 | N11: 0.44 | O11: 185 | P11: 7.79 | T11: How to read this sheet
A12: =IF(G12="REJECT",COUNTIF($G$2:$G$2277,"<>REJECT")+1+COUNTIFS($G$2:$G$2277,"REJECT",$B$2:$B$2277,">"&B12),1+COUNTIFS($G$2:$G$2277,"<>REJECT",$B$2:$B$2277,">"&B12)) -> 11 | B12: =ROUND(($U$2*MAX(0,MIN(1,($W$2-I12)/($W$2-$V$2)))+$U$3*MAX(0,MIN(1,($W$3-J12)/($W$3-$V$3)))+$U$4*MAX(0,MIN(1,($W$4-K12)/($W$4-$V$4)))+$U$5*MAX(0,MIN(1,($W$5-L12)/($W$5-$V$5)))+$U$6*MAX(0,MIN(1,($W$6-M12)/($W$6-$V$6)))+$U$7*MAX(0,MIN(1,($W$7-N12)/($W$7-$V$7)))+$U$8*IF(AND(O12>=$V$8,O12<=$W$8),1,0))/$U$9*100,2) -> 98.32 | C12: sub-576 | D12: ses-1 | E12: EyesOpen | F12: post | G12: USABLE | H12: PASS | I12: 0 | J12: 0 | K12: 0 | L12: 0.85 | M12: 4.11 | N12: 0.6 | O12: 187 | P12: 7.15 | T12: - One row = one EEG recording (session / task / acq). Rows are pre-sorted best to worst, regardless of subject.
A13: =IF(G13="REJECT",COUNTIF($G$2:$G$2277,"<>REJECT")+1+COUNTIFS($G$2:$G$2277,"REJECT",$B$2:$B$2277,">"&B13),1+COUNTIFS($G$2:$G$2277,"<>REJECT",$B$2:$B$2277,">"&B13)) -> 12 | B13: =ROUND(($U$2*MAX(0,MIN(1,($W$2-I13)/($W$2-$V$2)))+$U$3*MAX(0,MIN(1,($W$3-J13)/($W$3-$V$3)))+$U$4*MAX(0,MIN(1,($W$4-K13)/($W$4-$V$4)))+$U$5*MAX(0,MIN(1,($W$5-L13)/($W$5-$V$5)))+$U$6*MAX(0,MIN(1,($W$6-M13)/($W$6-$V$6)))+$U$7*MAX(0,MIN(1,($W$7-N13)/($W$7-$V$7)))+$U$8*IF(AND(O13>=$V$8,O13<=$W$8),1,0))/$U$9*100,2) -> 98.29 | C13: sub-399 | D13: ses-1 | E13: EyesClosed | F13: post | G13: USABLE_WITH_FLAGS | H13: FLAG | I13: 0 | J13: 0 | K13: 0 | L13: 0.81 | M13: 3.87 | N13: 0.64 | O13: 184 | P13: -1.08 | R13: LOW_ALPHA_PROMINENCE | T13: - Quality score = weighted average of 7 sub-scores (0-1 each, linear between "best" and "worst" value) x 100.
A14: =IF(G14="REJECT",COUNTIF($G$2:$G$2277,"<>REJECT")+1+COUNTIFS($G$2:$G$2277,"REJECT",$B$2:$B$2277,">"&B14),1+COUNTIFS($G$2:$G$2277,"<>REJECT",$B$2:$B$2277,">"&B14)) -> 13 | B14: =ROUND(($U$2*MAX(0,MIN(1,($W$2-I14)/($W$2-$V$2)))+$U$3*MAX(0,MIN(1,($W$3-J14)/($W$3-$V$3)))+$U$4*MAX(0,MIN(1,($W$4-K14)/($W$4-$V$4)))+$U$5*MAX(0,MIN(1,($W$5-L14)/($W$5-$V$5)))+$U$6*MAX(0,MIN(1,($W$6-M14)/($W$6-$V$6)))+$U$7*MAX(0,MIN(1,($W$7-N14)/($W$7-$V$7)))+$U$8*IF(AND(O14>=$V$8,O14<=$W$8),1,0))/$U$9*100,2) -> 98.27 | C14: sub-307 | D14: ses-1 | E14: EyesClosed | F14: post | G14: USABLE_WITH_FLAGS | H14: FLAG | I14: 0 | J14: 0 | K14: 0 | L14: 0.8 | M14: 10.4 | N14: 0 | O14: 198 | P14: 13.57 | R14: WEAK_ALPHA_BLOCKING | T14: - All usable recordings (USABLE / WITH_FLAGS / NEEDS_INTERPOLATION) rank above every REJECT recording.
A15: =IF(G15="REJECT",COUNTIF($G$2:$G$2277,"<>REJECT")+1+COUNTIFS($G$2:$G$2277,"REJECT",$B$2:$B$2277,">"&B15),1+COUNTIFS($G$2:$G$2277,"<>REJECT",$B$2:$B$2277,">"&B15)) -> 14 | B15: =ROUND(($U$2*MAX(0,MIN(1,($W$2-I15)/($W$2-$V$2)))+$U$3*MAX(0,MIN(1,($W$3-J15)/($W$3-$V$3)))+$U$4*MAX(0,MIN(1,($W$4-K15)/($W$4-$V$4)))+$U$5*MAX(0,MIN(1,($W$5-L15)/($W$5-$V$5)))+$U$6*MAX(0,MIN(1,($W$6-M15)/($W$6-$V$6)))+$U$7*MAX(0,MIN(1,($W$7-N15)/($W$7-$V$7)))+$U$8*IF(AND(O15>=$V$8,O15<=$W$8),1,0))/$U$9*100,2) -> 98.26 | C15: sub-411 | D15: ses-1 | E15: EyesOpen | F15: post | G15: USABLE | H15: PASS | I15: 0 | J15: 0 | K15: 0 | L15: 0.82 | M15: 6.03 | N15: 0.44 | O15: 183 | P15: 6.88 | T15: - Score is judged on signal quality only. Alpha is NOT in the score (non-responders exist); see column P.
A16: =IF(G16="REJECT",COUNTIF($G$2:$G$2277,"<>REJECT")+1+COUNTIFS($G$2:$G$2277,"REJECT",$B$2:$B$2277,">"&B16),1+COUNTIFS($G$2:$G$2277,"<>REJECT",$B$2:$B$2277,">"&B16)) -> 15 | B16: =ROUND(($U$2*MAX(0,MIN(1,($W$2-I16)/($W$2-$V$2)))+$U$3*MAX(0,MIN(1,($W$3-J16)/($W$3-$V$3)))+$U$4*MAX(0,MIN(1,($W$4-K16)/($W$4-$V$4)))+$U$5*MAX(0,MIN(1,($W$5-L16)/($W$5-$V$5)))+$U$6*MAX(0,MIN(1,($W$6-M16)/($W$6-$V$6)))+$U$7*MAX(0,MIN(1,($W$7-N16)/($W$7-$V$7)))+$U$8*IF(AND(O16>=$V$8,O16<=$W$8),1,0))/$U$9*100,2) -> 98.24 | C16: sub-584 | D16: ses-1 | E16: EyesClosed | F16: pre | G16: USABLE_WITH_FLAGS | H16: FLAG | I16: 0 | J16: 0 | K16: 0 | L16: 0.8 | M16: 10.58 | N16: 0 | O16: 183 | P16: 0.39 | R16: LOW_ALPHA_PROMINENCE; WEAK_ALPHA_BLOCKING | T16: - Blue cells are editable inputs: the score and Rank recalculate. To re-order the rows, sort by column A.
A17: =IF(G17="REJECT",COUNTIF($G$2:$G$2277,"<>REJECT")+1+COUNTIFS($G$2:$G$2277,"REJECT",$B$2:$B$2277,">"&B17),1+COUNTIFS($G$2:$G$2277,"<>REJECT",$B$2:$B$2277,">"&B17)) -> 16 | B17: =ROUND(($U$2*MAX(0,MIN(1,($W$2-I17)/($W$2-$V$2)))+$U$3*MAX(0,MIN(1,($W$3-J17)/($W$3-$V$3)))+$U$4*MAX(0,MIN(1,($W$4-K17)/($W$4-$V$4)))+$U$5*MAX(0,MIN(1,($W$5-L17)/($W$5-$V$5)))+$U$6*MAX(0,MIN(1,($W$6-M17)/($W$6-$V$6)))+$U$7*MAX(0,MIN(1,($W$7-N17)/($W$7-$V$7)))+$U$8*IF(AND(O17>=$V$8,O17<=$W$8),1,0))/$U$9*100,2) -> 98.17 | C17: sub-439 | D17: ses-1 | E17: EyesClosed | F17: pre | G17: USABLE | H17: PASS | I17: 0 | J17: 0 | K17: 0 | L17: 0.82 | M17: 11.01 | N17: 0 | O17: 182 | P17: 9.17 | T17: - Duration row: full score if duration is between the two values, otherwise 0.
A18: =IF(G18="REJECT",COUNTIF($G$2:$G$2277,"<>REJECT")+1+COUNTIFS($G$2:$G$2277,"REJECT",$B$2:$B$2277,">"&B18),1+COUNTIFS($G$2:$G$2277,"<>REJECT",$B$2:$B$2277,">"&B18)) -> 17 | B18: =ROUND(($U$2*MAX(0,MIN(1,($W$2-I18)/($W$2-$V$2)))+$U$3*MAX(0,MIN(1,($W$3-J18)/($W$3-$V$3)))+$U$4*MAX(0,MIN(1,($W$4-K18)/($W$4-$V$4)))+$U$5*MAX(0,MIN(1,($W$5-L18)/($W$5-$V$5)))+$U$6*MAX(0,MIN(1,($W$6-M18)/($W$6-$V$6)))+$U$7*MAX(0,MIN(1,($W$7-N18)/($W$7-$V$7)))+$U$8*IF(AND(O18>=$V$8,O18<=$W$8),1,0))/$U$9*100,2) -> 98.12 | C18: sub-216 | D18: ses-1 | E18: EyesOpen | F18: pre | G18: USABLE | H18: PASS | I18: 0 | J18: 0 | K18: 0 | L18: 0.81 | M18: 11.29 | N18: 0 | O18: 194 | P18: 4.05 | T18: - Weights and cut-offs are my choice, based on the QC script thresholds (e.g. 6 bad ch = limit, 30 dB = high noise).
A19: =IF(G19="REJECT",COUNTIF($G$2:$G$2277,"<>REJECT")+1+COUNTIFS($G$2:$G$2277,"REJECT",$B$2:$B$2277,">"&B19),1+COUNTIFS($G$2:$G$2277,"<>REJECT",$B$2:$B$2277,">"&B19)) -> 18 | B19: =ROUND(($U$2*MAX(0,MIN(1,($W$2-I19)/($W$2-$V$2)))+$U$3*MAX(0,MIN(1,($W$3-J19)/($W$3-$V$3)))+$U$4*MAX(0,MIN(1,($W$4-K19)/($W$4-$V$4)))+$U$5*MAX(0,MIN(1,($W$5-L19)/($W$5-$V$5)))+$U$6*MAX(0,MIN(1,($W$6-M19)/($W$6-$V$6)))+$U$7*MAX(0,MIN(1,($W$7-N19)/($W$7-$V$7)))+$U$8*IF(AND(O19>=$V$8,O19<=$W$8),1,0))/$U$9*100,2) -> 98.11 | C19: sub-074 | D19: ses-1 | E19: EyesClosed | F19: pre | G19: USABLE | H19: PASS | I19: 0 | J19: 0 | K19: 0 | L19: 0.8 | M19: 10.15 | N19: 0.12 | O19: 183 | P19: 11.62
A20: =IF(G20="REJECT",COUNTIF($G$2:$G$2277,"<>REJECT")+1+COUNTIFS($G$2:$G$2277,"REJECT",$B$2:$B$2277,">"&B20),1+COUNTIFS($G$2:$G$2277,"<>REJECT",$B$2:$B$2277,">"&B20)) -> 19 | B20: =ROUND(($U$2*MAX(0,MIN(1,($W$2-I20)/($W$2-$V$2)))+$U$3*MAX(0,MIN(1,($W$3-J20)/($W$3-$V$3)))+$U$4*MAX(0,MIN(1,($W$4-K20)/($W$4-$V$4)))+$U$5*MAX(0,MIN(1,($W$5-L20)/($W$5-$V$5)))+$U$6*MAX(0,MIN(1,($W$6-M20)/($W$6-$V$6)))+$U$7*MAX(0,MIN(1,($W$7-N20)/($W$7-$V$7)))+$U$8*IF(AND(O20>=$V$8,O20<=$W$8),1,0))/$U$9*100,2) -> 98.1 | C20: sub-266 | D20: ses-1 | E20: EyesClosed | F20: pre | G20: USABLE | H20: PASS | I20: 0 | J20: 0 | K20: 0 | L20: 0.83 | M20: 4.19 | N20: 0.72 | O20: 185 | P20: 11.56
A21: =IF(G21="REJECT",COUNTIF($G$2:$G$2277,"<>REJECT")+1+COUNTIFS($G$2:$G$2277,"REJECT",$B$2:$B$2277,">"&B21),1+COUNTIFS($G$2:$G$2277,"<>REJECT",$B$2:$B$2277,">"&B21)) -> 20 | B21: =ROUND(($U$2*MAX(0,MIN(1,($W$2-I21)/($W$2-$V$2)))+$U$3*MAX(0,MIN(1,($W$3-J21)/($W$3-$V$3)))+$U$4*MAX(0,MIN(1,($W$4-K21)/($W$4-$V$4)))+$U$5*MAX(0,MIN(1,($W$5-L21)/($W$5-$V$5)))+$U$6*MAX(0,MIN(1,($W$6-M21)/($W$6-$V$6)))+$U$7*MAX(0,MIN(1,($W$7-N21)/($W$7-$V$7)))+$U$8*IF(AND(O21>=$V$8,O21<=$W$8),1,0))/$U$9*100,2) -> 98.06 | C21: sub-411 | D21: ses-1 | E21: EyesClosed | F21: post | G21: USABLE | H21: PASS | I21: 0 | J21: 0 | K21: 0 | L21: 0.82 | M21: 6.04 | N21: 0.56 | O21: 184 | P21: 7.92
A22: =IF(G22="REJECT",COUNTIF($G$2:$G$2277,"<>REJECT")+1+COUNTIFS($G$2:$G$2277,"REJECT",$B$2:$B$2277,">"&B22),1+COUNTIFS($G$2:$G$2277,"<>REJECT",$B$2:$B$2277,">"&B22)) -> 21 | B22: =ROUND(($U$2*MAX(0,MIN(1,($W$2-I22)/($W$2-$V$2)))+$U$3*MAX(0,MIN(1,($W$3-J22)/($W$3-$V$3)))+$U$4*MAX(0,MIN(1,($W$4-K22)/($W$4-$V$4)))+$U$5*MAX(0,MIN(1,($W$5-L22)/($W$5-$V$5)))+$U$6*MAX(0,MIN(1,($W$6-M22)/($W$6-$V$6)))+$U$7*MAX(0,MIN(1,($W$7-N22)/($W$7-$V$7)))+$U$8*IF(AND(O22>=$V$8,O22<=$W$8),1,0))/$U$9*100,2) -> 98.05 | C22: sub-298 | D22: ses-1 | E22: EyesClosed | F22: post | G22: USABLE_WITH_FLAGS | H22: FLAG | I22: 0 | J22: 0 | K22: 0 | L22: 0.79 | M22: 1.72 | N22: 0.64 | O22: 186 | P22: -0.97 | R22: LOW_ALPHA_PROMINENCE
A23: =IF(G23="REJECT",COUNTIF($G$2:$G$2277,"<>REJECT")+1+COUNTIFS($G$2:$G$2277,"REJECT",$B$2:$B$2277,">"&B23),1+COUNTIFS($G$2:$G$2277,"<>REJECT",$B$2:$B$2277,">"&B23)) -> 22 | B23: =ROUND(($U$2*MAX(0,MIN(1,($W$2-I23)/($W$2-$V$2)))+$U$3*MAX(0,MIN(1,($W$3-J23)/($W$3-$V$3)))+$U$4*MAX(0,MIN(1,($W$4-K23)/($W$4-$V$4)))+$U$5*MAX(0,MIN(1,($W$5-L23)/($W$5-$V$5)))+$U$6*MAX(0,MIN(1,($W$6-M23)/($W$6-$V$6)))+$U$7*MAX(0,MIN(1,($W$7-N23)/($W$7-$V$7)))+$U$8*IF(AND(O23>=$V$8,O23<=$W$8),1,0))/$U$9*100,2) -> 98.03 | C23: sub-074 | D23: ses-1 | E23: EyesClosed | F23: post | G23: USABLE | H23: PASS | I23: 0 | J23: 0 | K23: 0 | L23: 0.82 | M23: 4.21 | N23: 0.76 | O23: 183 | P23: 11.29
A24: =IF(G24="REJECT",COUNTIF($G$2:$G$2277,"<>REJECT")+1+COUNTIFS($G$2:$G$2277,"REJECT",$B$2:$B$2277,">"&B24),1+COUNTIFS($G$2:$G$2277,"<>REJECT",$B$2:$B$2277,">"&B24)) -> 22 | B24: =ROUND(($U$2*MAX(0,MIN(1,($W$2-I24)/($W$2-$V$2)))+$U$3*MAX(0,MIN(1,($W$3-J24)/($W$3-$V$3)))+$U$4*MAX(0,MIN(1,($W$4-K24)/($W$4-$V$4)))+$U$5*MAX(0,MIN(1,($W$5-L24)/($W$5-$V$5)))+$U$6*MAX(0,MIN(1,($W$6-M24)/($W$6-$V$6)))+$U$7*MAX(0,MIN(1,($W$7-N24)/($W$7-$V$7)))+$U$8*IF(AND(O24>=$V$8,O24<=$W$8),1,0))/$U$9*100,2) -> 98.03 | C24: sub-479 | D24: ses-1 | E24: EyesClosed | F24: post | G24: USABLE_WITH_FLAGS | H24: FLAG | I24: 0 | J24: 0 | K24: 0 | L24: 0.79 | M24: 4.61 | N24: 0.36 | O24: 183 | P24: 2.16 | R24: LOW_ALPHA_PROMINENCE; NO_ALPHA_BLOCKING
A25: =IF(G25="REJECT",COUNTIF($G$2:$G$2277,"<>REJECT")+1+COUNTIFS($G$2:$G$2277,"REJECT",$B$2:$B$2277,">"&B25),1+COUNTIFS($G$2:$G$2277,"<>REJECT",$B$2:$B$2277,">"&B25)) -> 24 | B25: =ROUND(($U$2*MAX(0,MIN(1,($W$2-I25)/($W$2-$V$2)))+$U$3*MAX(0,MIN(1,($W$3-J25)/($W$3-$V$3)))+$U$4*MAX(0,MIN(1,($W$4-K25)/($W$4-$V$4)))+$U$5*MAX(0,MIN(1,($W$5-L25)/($W$5-$V$5)))+$U$6*MAX(0,MIN(1,($W$6-M25)/($W$6-$V$6)))+$U$7*MAX(0,MIN(1,($W$7-N25)/($W$7-$V$7)))+$U$8*IF(AND(O25>=$V$8,O25<=$W$8),1,0))/$U$9*100,2) -> 98 | C25: sub-214 | D25: ses-1 | E25: EyesClosed | F25: post | G25: USABLE_WITH_FLAGS | H25: FLAG | I25: 0 | J25: 0 | K25: 0 | L25: 0.85 | M25: 9.63 | N25: 0.24 | O25: 187 | P25: -1.56 | R25: LOW_ALPHA_PROMINENCE; WEAK_ALPHA_BLOCKING
A26: =IF(G26="REJECT",COUNTIF($G$2:$G$2277,"<>REJECT")+1+COUNTIFS($G$2:$G$2277,"REJECT",$B$2:$B$2277,">"&B26),1+COUNTIFS($G$2:$G$2277,"<>REJECT",$B$2:$B$2277,">"&B26)) -> 24 | B26: =ROUND(($U$2*MAX(0,MIN(1,($W$2-I26)/($W$2-$V$2)))+$U$3*MAX(0,MIN(1,($W$3-J26)/($W$3-$V$3)))+$U$4*MAX(0,MIN(1,($W$4-K26)/($W$4-$V$4)))+$U$5*MAX(0,MIN(1,($W$5-L26)/($W$5-$V$5)))+$U$6*MAX(0,MIN(1,($W$6-M26)/($W$6-$V$6)))+$U$7*MAX(0,MIN(1,($W$7-N26)/($W$7-$V$7)))+$U$8*IF(AND(O26>=$V$8,O26<=$W$8),1,0))/$U$9*100,2) -> 98 | C26: sub-451 | D26: ses-1 | E26: EyesOpen | F26: pre | G26: USABLE | H26: PASS | I26: 0 | J26: 0 | K26: 0 | L26: 0.82 | M26: 11.99 | N26: 0 | O26: 185 | P26: 2.7
A27: =IF(G27="REJECT",COUNTIF($G$2:$G$2277,"<>REJECT")+1+COUNTIFS($G$2:$G$2277,"REJECT",$B$2:$B$2277,">"&B27),1+COUNTIFS($G$2:$G$2277,"<>REJECT",$B$2:$B$2277,">"&B27)) -> 26 | B27: =ROUND(($U$2*MAX(0,MIN(1,($W$2-I27)/($W$2-$V$2)))+$U$3*MAX(0,MIN(1,($W$3-J27)/($W$3-$V$3)))+$U$4*MAX(0,MIN(1,($W$4-K27)/($W$4-$V$4)))+$U$5*MAX(0,MIN(1,($W$5-L27)/($W$5-$V$5)))+$U$6*MAX(0,MIN(1,($W$6-M27)/($W$6-$V$6)))+$U$7*MAX(0,MIN(1,($W$7-N27)/($W$7-$V$7)))+$U$8*IF(AND(O27>=$V$8,O27<=$W$8),1,0))/$U$9*100,2) -> 97.95 | C27: sub-194 | D27: ses-1 | E27: EyesClosed | F27: pre | G27: USABLE_WITH_FLAGS | H27: FLAG | I27: 0 | J27: 0 | K27: 0 | L27: 0.81 | M27: 2.73 | N27: 0.96 | O27: 184 | P27: -1.21 | R27: LOW_ALPHA_PROMINENCE
A28: =IF(G28="REJECT",COUNTIF($G$2:$G$2277,"<>REJECT")+1+COUNTIFS($G$2:$G$2277,"REJECT",$B$2:$B$2277,">"&B28),1+COUNTIFS($G$2:$G$2277,"<>REJECT",$B$2:$B$2277,">"&B28)) -> 26 | B28: =ROUND(($U$2*MAX(0,MIN(1,($W$2-I28)/($W$2-$V$2)))+$U$3*MAX(0,MIN(1,($W$3-J28)/($W$3-$V$3)))+$U$4*MAX(0,MIN(1,($W$4-K28)/($W$4-$V$4)))+$U$5*MAX(0,MIN(1,($W$5-L28)/($W$5-$V$5)))+$U$6*MAX(0,MIN(1,($W$6-M28)/($W$6-$V$6)))+$U$7*MAX(0,MIN(1,($W$7-N28)/($W$7-$V$7)))+$U$8*IF(AND(O28>=$V$8,O28<=$W$8),1,0))/$U$9*100,2) -> 97.95 | C28: sub-258 | D28: ses-1 | E28: EyesClosed | F28: post | G28: USABLE | H28: PASS | I28: 0 | J28: 0 | K28: 0 | L28: 0.8 | M28: 6.28 | N28: 0.6 | O28: 184 | P28: 3.41
A29: =IF(G29="REJECT",COUNTIF($G$2:$G$2277,"<>REJECT")+1+COUNTIFS($G$2:$G$2277,"REJECT",$B$2:$B$2277,">"&B29),1+COUNTIFS($G$2:$G$2277,"<>REJECT",$B$2:$B$2277,">"&B29)) -> 28 | B29: =ROUND(($U$2*MAX(0,MIN(1,($W$2-I29)/($W$2-$V$2)))+$U$3*MAX(0,MIN(1,($W$3-J29)/($W$3-$V$3)))+$U$4*MAX(0,MIN(1,($W$4-K29)/($W$4-$V$4)))+$U$5*MAX(0,MIN(1,($W$5-L29)/($W$5-$V$5)))+$U$6*MAX(0,MIN(1,($W$6-M29)/($W$6-$V$6)))+$U$7*MAX(0,MIN(1,($W$7-N29)/($W$7-$V$7)))+$U$8*IF(AND(O29>=$V$8,O29<=$W$8),1,0))/$U$9*100,2) -> 97.94 | C29: sub-166 | D29: ses-1 | E29: EyesClosed | F29: post | G29: USABLE_WITH_FLAGS | H29: FLAG | I29: 0 | J29: 0 | K29: 0 | L29: 0.8 | M29: 3.18 | N29: 0.92 | O29: 184 | P29: -1.05 | R29: LOW_ALPHA_PROMINENCE
A30: =IF(G30="REJECT",COUNTIF($G$2:$G$2277,"<>REJECT")+1+COUNTIFS($G$2:$G$2277,"REJECT",$B$2:$B$2277,">"&B30),1+COUNTIFS($G$2:$G$2277,"<>REJECT",$B$2:$B$2277,">"&B30)) -> 29 | B30: =ROUND(($U$2*MAX(0,MIN(1,($W$2-I30)/($W$2-$V$2)))+$U$3*MAX(0,MIN(1,($W$3-J30)/($W$3-$V$3)))+$U$4*MAX(0,MIN(1,($W$4-K30)/($W$4-$V$4)))+$U$5*MAX(0,MIN(1,($W$5-L30)/($W$5-$V$5)))+$U$6*MAX(0,MIN(1,($W$6-M30)/($W$6-$V$6)))+$U$7*MAX(0,MIN(1,($W$7-N30)/($W$7-$V$7)))+$U$8*IF(AND(O30>=$V$8,O30<=$W$8),1,0))/$U$9*100,2) -> 97.93 | C30: sub-421 | D30: ses-1 | E30: EyesOpen | F30: post | G30: USABLE | H30: PASS | I30: 0 | J30: 0 | K30: 0 | L30: 0.83 | M30: 9.65 | N30: 0.28 | O30: 189 | P30: 9.36
A31: =IF(G31="REJECT",COUNTIF($G$2:$G$2277,"<>REJECT")+1+COUNTIFS($G$2:$G$2277,"REJECT",$B$2:$B$2277,">"&B31),1+COUNTIFS($G$2:$G$2277,"<>REJECT",$B$2:$B$2277,">"&B31)) -> 30 | B31: =ROUND(($U$2*MAX(0,MIN(1,($W$2-I31)/($W$2-$V$2)))+$U$3*MAX(0,MIN(1,($W$3-J31)/($W$3-$V$3)))+$U$4*MAX(0,MIN(1,($W$4-K31)/($W$4-$V$4)))+$U$5*MAX(0,MIN(1,($W$5-L31)/($W$5-$V$5)))+$U$6*MAX(0,MIN(1,($W$6-M31)/($W$6-$V$6)))+$U$7*MAX(0,MIN(1,($W$7-N31)/($W$7-$V$7)))+$U$8*IF(AND(O31>=$V$8,O31<=$W$8),1,0))/$U$9*100,2) -> 97.81 | C31: sub-281 | D31: ses-1 | E31: EyesOpen | F31: post | G31: USABLE | H31: PASS | I31: 0 | J31: 0 | K31: 0 | L31: 0.83 | M31: 10.33 | N31: 0.28 | O31: 182 | P31: 0.91
A32: =IF(G32="REJECT",COUNTIF($G$2:$G$2277,"<>REJECT")+1+COUNTIFS($G$2:$G$2277,"REJECT",$B$2:$B$2277,">"&B32),1+COUNTIFS($G$2:$G$2277,"<>REJECT",$B$2:$B$2277,">"&B32)) -> 31 | B32: =ROUND(($U$2*MAX(0,MIN(1,($W$2-I32)/($W$2-$V$2)))+$U$3*MAX(0,MIN(1,($W$3-J32)/($W$3-$V$3)))+$U$4*MAX(0,MIN(1,($W$4-K32)/($W$4-$V$4)))+$U$5*MAX(0,MIN(1,($W$5-L32)/($W$5-$V$5)))+$U$6*MAX(0,MIN(1,($W$6-M32)/($W$6-$V$6)))+$U$7*MAX(0,MIN(1,($W$7-N32)/($W$7-$V$7)))+$U$8*IF(AND(O32>=$V$8,O32<=$W$8),1,0))/$U$9*100,2) -> 97.79 | C32: sub-171 | D32: ses-1 | E32: EyesClosed | F32: pre | G32: USABLE | H32: PASS | I32: 0 | J32: 0 | K32: 0 | L32: 0.83 | M32: 11.64 | N32: 0.16 | O32: 183 | P32: 11.6
A33: =IF(G33="REJECT",COUNTIF($G$2:$G$2277,"<>REJECT")+1+COUNTIFS($G$2:$G$2277,"REJECT",$B$2:$B$2277,">"&B33),1+COUNTIFS($G$2:$G$2277,"<>REJECT",$B$2:$B$2277,">"&B33)) -> 32 | B33: =ROUND(($U$2*MAX(0,MIN(1,($W$2-I33)/($W$2-$V$2)))+$U$3*MAX(0,MIN(1,($W$3-J33)/($W$3-$V$3)))+$U$4*MAX(0,MIN(1,($W$4-K33)/($W$4-$V$4)))+$U$5*MAX(0,MIN(1,($W$5-L33)/($W$5-$V$5)))+$U$6*MAX(0,MIN(1,($W$6-M33)/($W$6-$V$6)))+$U$7*MAX(0,MIN(1,($W$7-N33)/($W$7-$V$7)))+$U$8*IF(AND(O33>=$V$8,O33<=$W$8),1,0))/$U$9*100,2) -> 97.77 | C33: sub-137 | D33: ses-1 | E33: EyesClosed | F33: post | G33: USABLE | H33: PASS | I33: 0 | J33: 0 | K33: 0 | L33: 0.84 | M33: 10.58 | N33: 0.28 | O33: 184 | P33: 9.6
A34: =IF(G34="REJECT",COUNTIF($G$2:$G$2277,"<>REJECT")+1+COUNTIFS($G$2:$G$2277,"REJECT",$B$2:$B$2277,">"&B34),1+COUNTIFS($G$2:$G$2277,"<>REJECT",$B$2:$B$2277,">"&B34)) -> 32 | B34: =ROUND(($U$2*MAX(0,MIN(1,($W$2-I34)/($W$2-$V$2)))+$U$3*MAX(0,MIN(1,($W$3-J34)/($W$3-$V$3)))+$U$4*MAX(0,MIN(1,($W$4-K34)/($W$4-$V$4)))+$U$5*MAX(0,MIN(1,($W$5-L34)/($W$5-$V$5)))+$U$6*MAX(0,MIN(1,($W$6-M34)/($W$6-$V$6)))+$U$7*MAX(0,MIN(1,($W$7-N34)/($W$7-$V$7)))+$U$8*IF(AND(O34>=$V$8,O34<=$W$8),1,0))/$U$9*100,2) -> 97.77 | C34: sub-365 | D34: ses-1 | E34: EyesOpen | F34: post | G34: USABLE_WITH_FLAGS | H34: FLAG | I34: 0 | J34: 0 | K34: 0 | L34: 0.79 | M34: 1.37 | N34: 0.84 | O34: 184 | P34: -1.32 | R34: WEAK_ALPHA_BLOCKING
A35: =IF(G35="REJECT",COUNTIF($G$2:$G$2277,"<>REJECT")+1+COUNTIFS($G$2:$G$2277,"REJECT",$B$2:$B$2277,">"&B35),1+COUNTIFS($G$2:$G$2277,"<>REJECT",$B$2:$B$2277,">"&B35)) -> 34 | B35: =ROUND(($U$2*MAX(0,MIN(1,($W$2-I35)/($W$2-$V$2)))+$U$3*MAX(0,MIN(1,($W$3-J35)/($W$3-$V$3)))+$U$4*MAX(0,MIN(1,($W$4-K35)/($W$4-$V$4)))+$U$5*MAX(0,MIN(1,($W$5-L35)/($W$5-$V$5)))+$U$6*MAX(0,MIN(1,($W$6-M35)/($W$6-$V$6)))+$U$7*MAX(0,MIN(1,($W$7-N35)/($W$7-$V$7)))+$U$8*IF(AND(O35>=$V$8,O35<=$W$8),1,0))/$U$9*100,2) -> 97.73 | C35: sub-062 | D35: ses-1 | E35: EyesClosed | F35: post | G35: USABLE_WITH_FLAGS | H35: FLAG | I35: 0 | J35: 0 | K35: 0 | L35: 0.8 | M35: 9.25 | N35: 0.44 | O35: 182 | P35: -0.66 | R35: LOW_ALPHA_PROMINENCE
A36: =IF(G36="REJECT",COUNTIF($G$2:$G$2277,"<>REJECT")+1+COUNTIFS($G$2:$G$2277,"REJECT",$B$2:$B$2277,">"&B36),1+COUNTIFS($G$2:$G$2277,"<>REJECT",$B$2:$B$2277,">"&B36)) -> 35 | B36: =ROUND(($U$2*MAX(0,MIN(1,($W$2-I36)/($W$2-$V$2)))+$U$3*MAX(0,MIN(1,($W$3-J36)/($W$3-$V$3)))+$U$4*MAX(0,MIN(1,($W$4-K36)/($W$4-$V$4)))+$U$5*MAX(0,MIN(1,($W$5-L36)/($W$5-$V$5)))+$U$6*MAX(0,MIN(1,($W$6-M36)/($W$6-$V$6)))+$U$7*MAX(0,MIN(1,($W$7-N36)/($W$7-$V$7)))+$U$8*IF(AND(O36>=$V$8,O36<=$W$8),1,0))/$U$9*100,2) -> 97.7 | C36: sub-216 | D36: ses-1 | E36: EyesClosed | F36: pre | G36: USABLE | H36: PASS | I36: 0 | J36: 0 | K36: 0 | L36: 0.81 | M36: 10.58 | N36: 0.32 | O36: 185 | P36: 10.34
A37: =IF(G37="REJECT",COUNTIF($G$2:$G$2277,"<>REJECT")+1+COUNTIFS($G$2:$G$2277,"REJECT",$B$2:$B$2277,">"&B37),1+COUNTIFS($G$2:$G$2277,"<>REJECT",$B$2:$B$2277,">"&B37)) -> 36 | B37: =ROUND(($U$2*MAX(0,MIN(1,($W$2-I37)/($W$2-$V$2)))+$U$3*MAX(0,MIN(1,($W$3-J37)/($W$3-$V$3)))+$U$4*MAX(0,MIN(1,($W$4-K37)/($W$4-$V$4)))+$U$5*MAX(0,MIN(1,($W$5-L37)/($W$5-$V$5)))+$U$6*MAX(0,MIN(1,($W$6-M37)/($W$6-$V$6)))+$U$7*MAX(0,MIN(1,($W$7-N37)/($W$7-$V$7)))+$U$8*IF(AND(O37>=$V$8,O37<=$W$8),1,0))/$U$9*100,2) -> 97.67 | C37: sub-453 | D37: ses-1 | E37: EyesClosed | F37: pre | G37: USABLE_WITH_FLAGS | H37: FLAG | I37: 0 | J37: 0 | K37: 0 | L37: 0.85 | M37: 4.41 | N37: 0.96 | O37: 184 | P37: -1.2 | R37: LOW_ALPHA_PROMINENCE
A38: =IF(G38="REJECT",COUNTIF($G$2:$G$2277,"<>REJECT")+1+COUNTIFS($G$2:$G$2277,"REJECT",$B$2:$B$2277,">"&B38),1+COUNTIFS($G$2:$G$2277,"<>REJECT",$B$2:$B$2277,">"&B38)) -> 37 | B38: =ROUND(($U$2*MAX(0,MIN(1,($W$2-I38)/($W$2-$V$2)))+$U$3*MAX(0,MIN(1,($W$3-J38)/($W$3-$V$3)))+$U$4*MAX(0,MIN(1,($W$4-K38)/($W$4-$V$4)))+$U$5*MAX(0,MIN(1,($W$5-L38)/($W$5-$V$5)))+$U$6*MAX(0,MIN(1,($W$6-M38)/($W$6-$V$6)))+$U$7*MAX(0,MIN(1,($W$7-N38)/($W$7-$V$7)))+$U$8*IF(AND(O38>=$V$8,O38<=$W$8),1,0))/$U$9*100,2) -> 97.65 | C38: sub-405 | D38: ses-1 | E38: EyesOpen | F38: post | G38: USABLE | H38: PASS | I38: 0 | J38: 0 | K38: 0 | L38: 0.84 | M38: 14.09 | N38: 0 | O38: 185 | P38: -0.59
A39: =IF(G39="REJECT",COUNTIF($G$2:$G$2277,"<>REJECT")+1+COUNTIFS($G$2:$G$2277,"REJECT",$B$2:$B$2277,">"&B39),1+COUNTIFS($G$2:$G$2277,"<>REJECT",$B$2:$B$2277,">"&B39)) -> 38 | B39: =ROUND(($U$2*MAX(0,MIN(1,($W$2-I39)/($W$2-$V$2)))+$U$3*MAX(0,MIN(1,($W$3-J39)/($W$3-$V$3)))+$U$4*MAX(0,MIN(1,($W$4-K39)/($W$4-$V$4)))+$U$5*MAX(0,MIN(1,($W$5-L39)/($W$5-$V$5)))+$U$6*MAX(0,MIN(1,($W$6-M39)/($W$6-$V$6)))+$U$7*MAX(0,MIN(1,($W$7-N39)/($W$7-$V$7)))+$U$8*IF(AND(O39>=$V$8,O39<=$W$8),1,0))/$U$9*100,2) -> 97.6 | C39: sub-171 | D39: ses-2 | E39: EyesClosed | F39: pre | G39: USABLE | H39: PASS | I39: 0 | J39: 0 | K39: 0 | L39: 0.81 | M39: 7.19 | N39: 0.72 | O39: 186 | P39: 4.53
A40: =IF(G40="REJECT",COUNTIF($G$2:$G$2277,"<>REJECT")+1+COUNTIFS($G$2:$G$2277,"REJECT",$B$2:$B$2277,">"&B40),1+COUNTIFS($G$2:$G$2277,"<>REJECT",$B$2:$B$2277,">"&B40)) -> 39 | B40: =ROUND(($U$2*MAX(0,MIN(1,($W$2-I40)/($W$2-$V$2)))+$U$3*MAX(0,MIN(1,($W$3-J40)/($W$3-$V$3)))+$U$4*MAX(0,MIN(1,($W$4-K40)/($W$4-$V$4)))+$U$5*MAX(0,MIN(1,($W$5-L40)/($W$5-$V$5)))+$U$6*MAX(0,MIN(1,($W$6-M40)/($W$6-$V$6)))+$U$7*MAX(0,MIN(1,($W$7-N40)/($W$7-$V$7)))+$U$8*IF(AND(O40>=$V$8,O40<=$W$8),1,0))/$U$9*100,2) -> 97.59 | C40: sub-298 | D40: ses-1 | E40: EyesClosed | F40: pre | G40: USABLE_WITH_FLAGS | H40: FLAG | I40: 0 | J40: 0 | K40: 0 | L40: 0.8 | M40: 9.26 | N40: 0.52 | O40: 194 | P40: -1.01 | R40: LOW_ALPHA_PROMINENCE; WEAK_ALPHA_BLOCKING
A41: =IF(G41="REJECT",COUNTIF($G$2:$G$2277,"<>REJECT")+1+COUNTIFS($G$2:$G$2277,"REJECT",$B$2:$B$2277,">"&B41),1+COUNTIFS($G$2:$G$2277,"<>REJECT",$B$2:$B$2277,">"&B41)) -> 40 | B41: =ROUND(($U$2*MAX(0,MIN(1,($W$2-I41)/($W$2-$V$2)))+$U$3*MAX(0,MIN(1,($W$3-J41)/($W$3-$V$3)))+$U$4*MAX(0,MIN(1,($W$4-K41)/($W$4-$V$4)))+$U$5*MAX(0,MIN(1,($W$5-L41)/($W$5-$V$5)))+$U$6*MAX(0,MIN(1,($W$6-M41)/($W$6-$V$6)))+$U$7*MAX(0,MIN(1,($W$7-N41)/($W$7-$V$7)))+$U$8*IF(AND(O41>=$V$8,O41<=$W$8),1,0))/$U$9*100,2) -> 97.57 | C41: sub-605 | D41: ses-1 | E41: EyesClosed | F41: pre | G41: USABLE | H41: PASS | I41: 0 | J41: 0 | K41: 0 | L41: 0.8 | M41: 4.96 | N41: 0.96 | O41: 183 | P41: 15.08
A42: =IF(G42="REJECT",COUNTIF($G$2:$G$2277,"<>REJECT")+1+COUNTIFS($G$2:$G$2277,"REJECT",$B$2:$B$2277,">"&B42),1+COUNTIFS($G$2:$G$2277,"<>REJECT",$B$2:$B$2277,">"&B42)) -> 41 | B42: =ROUND(($U$2*MAX(0,MIN(1,($W$2-I42)/($W$2-$V$2)))+$U$3*MAX(0,MIN(1,($W$3-J42)/($W$3-$V$3)))+$U$4*MAX(0,MIN(1,($W$4-K42)/($W$4-$V$4)))+$U$5*MAX(0,MIN(1,($W$5-L42)/($W$5-$V$5)))+$U$6*MAX(0,MIN(1,($W$6-M42)/($W$6-$V$6)))+$U$7*MAX(0,MIN(1,($W$7-N42)/($W$7-$V$7)))+$U$8*IF(AND(O42>=$V$8,O42<=$W$8),1,0))/$U$9*100,2) -> 97.55 | C42: sub-284 | D42: ses-1 | E42: EyesClosed | F42: post | G42: USABLE | H42: PASS | I42: 0 | J42: 0 | K42: 0 | L42: 0.78 | M42: 7.49 | N42: 0 | O42: 187 | P42: 16.89
A43: =IF(G43="REJECT",COUNTIF($G$2:$G$2277,"<>REJECT")+1+COUNTIFS($G$2:$G$2277,"REJECT",$B$2:$B$2277,">"&B43),1+COUNTIFS($G$2:$G$2277,"<>REJECT",$B$2:$B$2277,">"&B43)) -> 42 | B43: =ROUND(($U$2*MAX(0,MIN(1,($W$2-I43)/($W$2-$V$2)))+$U$3*MAX(0,MIN(1,($W$3-J43)/($W$3-$V$3)))+$U$4*MAX(0,MIN(1,($W$4-K43)/($W$4-$V$4)))+$U$5*MAX(0,MIN(1,($W$5-L43)/($W$5-$V$5)))+$U$6*MAX(0,MIN(1,($W$6-M43)/($W$6-$V$6)))+$U$7*MAX(0,MIN(1,($W$7-N43)/($W$7-$V$7)))+$U$8*IF(AND(O43>=$V$8,O43<=$W$8),1,0))/$U$9*100,2) -> 97.52 | C43: sub-239 | D43: ses-2 | E43: EyesClosed | F43: post | G43: USABLE_WITH_FLAGS | H43: FLAG | I43: 0 | J43: 0 | K43: 0 | L43: 0.79 | M43: 8.91 | N43: 0.24 | O43: 193 | P43: 7.5 | R43: NO_ALPHA_BLOCKING
A44: =IF(G44="REJECT",COUNTIF($G$2:$G$2277,"<>REJECT")+1+COUNTIFS($G$2:$G$2277,"REJECT",$B$2:$B$2277,">"&B44),1+COUNTIFS($G$2:$G$2277,"<>REJECT",$B$2:$B$2277,">"&B44)) -> 43 | B44: =ROUND(($U$2*MAX(0,MIN(1,($W$2-I44)/($W$2-$V$2)))+$U$3*MAX(0,MIN(1,($W$3-J44)/($W$3-$V$3)))+$U$4*MAX(0,MIN(1,($W$4-K44)/($W$4-$V$4)))+$U$5*MAX(0,MIN(1,($W$5-L44)/($W$5-$V$5)))+$U$6*MAX(0,MIN(1,($W$6-M44)/($W$6-$V$6)))+$U$7*MAX(0,MIN(1,($W$7-N44)/($W$7-$V$7)))+$U$8*IF(AND(O44>=$V$8,O44<=$W$8),1,0))/$U$9*100,2) -> 97.5 | C44: sub-214 | D44: ses-1 | E44: EyesOpen | F44: post | G44: USABLE_WITH_FLAGS | H44: FLAG | I44: 0 | J44: 0 | K44: 0 | L44: 0.8 | M44: 7.01 | N44: 0.8 | O44: 189 | P44: -1.36 | R44: WEAK_ALPHA_BLOCKING
A45: =IF(G45="REJECT",COUNTIF($G$2:$G$2277,"<>REJECT")+1+COUNTIFS($G$2:$G$2277,"REJECT",$B$2:$B$2277,">"&B45),1+COUNTIFS($G$2:$G$2277,"<>REJECT",$B$2:$B$2277,">"&B45)) -> 44 | B45: =ROUND(($U$2*MAX(0,MIN(1,($W$2-I45)/($W$2-$V$2)))+$U$3*MAX(0,MIN(1,($W$3-J45)/($W$3-$V$3)))+$U$4*MAX(0,MIN(1,($W$4-K45)/($W$4-$V$4)))+$U$5*MAX(0,MIN(1,($W$5-L45)/($W$5-$V$5)))+$U$6*MAX(0,MIN(1,($W$6-M45)/($W$6-$V$6)))+$U$7*MAX(0,MIN(1,($W$7-N45)/($W$7-$V$7)))+$U$8*IF(AND(O45>=$V$8,O45<=$W$8),1,0))/$U$9*100,2) -> 97.44 | C45: sub-414 | D45: ses-1 | E45: EyesClosed | F45: pre | G45: USABLE_WITH_FLAGS | H45: FLAG | I45: 0 | J45: 0 | K45: 0 | L45: 0.79 | M45: 10.19 | N45: 0.16 | O45: 185 | P45: 1.16 | R45: LOW_ALPHA_PROMINENCE
A46: =IF(G46="REJECT",COUNTIF($G$2:$G$2277,"<>REJECT")+1+COUNTIFS($G$2:$G$2277,"REJECT",$B$2:$B$2277,">"&B46),1+COUNTIFS($G$2:$G$2277,"<>REJECT",$B$2:$B$2277,">"&B46)) -> 45 | B46: =ROUND(($U$2*MAX(0,MIN(1,($W$2-I46)/($W$2-$V$2)))+$U$3*MAX(0,MIN(1,($W$3-J46)/($W$3-$V$3)))+$U$4*MAX(0,MIN(1,($W$4-K46)/($W$4-$V$4)))+$U$5*MAX(0,MIN(1,($W$5-L46)/($W$5-$V$5)))+$U$6*MAX(0,MIN(1,($W$6-M46)/($W$6-$V$6)))+$U$7*MAX(0,MIN(1,($W$7-N46)/($W$7-$V$7)))+$U$8*IF(AND(O46>=$V$8,O46<=$W$8),1,0))/$U$9*100,2) -> 97.39 | C46: sub-147 | D46: ses-1 | E46: EyesClosed | F46: post | G46: USABLE | H46: PASS | I46: 0 | J46: 0 | K46: 0 | L46: 0.8 | M46: 15.67 | N46: 0 | O46: 185 | P46: 7.21
A47: =IF(G47="REJECT",COUNTIF($G$2:$G$2277,"<>REJECT")+1+COUNTIFS($G$2:$G$2277,"REJECT",$B$2:$B$2277,">"&B47),1+COUNTIFS($G$2:$G$2277,"<>REJECT",$B$2:$B$2277,">"&B47)) -> 45 | B47: =ROUND(($U$2*MAX(0,MIN(1,($W$2-I47)/($W$2-$V$2)))+$U$3*MAX(0,MIN(1,($W$3-J47)/($W$3-$V$3)))+$U$4*MAX(0,MIN(1,($W$4-K47)/($W$4-$V$4)))+$U$5*MAX(0,MIN(1,($W$5-L47)/($W$5-$V$5)))+$U$6*MAX(0,MIN(1,($W$6-M47)/($W$6-$V$6)))+$U$7*MAX(0,MIN(1,($W$7-N47)/($W$7-$V$7)))+$U$8*IF(AND(O47>=$V$8,O47<=$W$8),1,0))/$U$9*100,2) -> 97.39 | C47: sub-239 | D47: ses-2 | E47: EyesOpen | F47: pre | G47: USABLE | H47: PASS | I47: 0 | J47: 0 | K47: 0 | L47: 0.77 | M47: 4.86 | N47: 0 | O47: 182 | P47: 7.83
A48: =IF(G48="REJECT",COUNTIF($G$2:$G$2277,"<>REJECT")+1+COUNTIFS($G$2:$G$2277,"REJECT",$B$2:$B$2277,">"&B48),1+COUNTIFS($G$2:$G$2277,"<>REJECT",$B$2:$B$2277,">"&B48)) -> 47 | B48: =ROUND(($U$2*MAX(0,MIN(1,($W$2-I48)/($W$2-$V$2)))+$U$3*MAX(0,MIN(1,($W$3-J48)/($W$3-$V$3)))+$U$4*MAX(0,MIN(1,($W$4-K48)/($W$4-$V$4)))+$U$5*MAX(0,MIN(1,($W$5-L48)/($W$5-$V$5)))+$U$6*MAX(0,MIN(1,($W$6-M48)/($W$6-$V$6)))+$U$7*MAX(0,MIN(1,($W$7-N48)/($W$7-$V$7)))+$U$8*IF(AND(O48>=$V$8,O48<=$W$8),1,0))/$U$9*100,2) -> 97.34 | C48: sub-171 | D48: ses-1 | E48: EyesClosed | F48: post | G48: USABLE | H48: PASS | I48: 0 | J48: 0 | K48: 0 | L48: 0.86 | M48: 12.76 | N48: 0.32 | O48: 183 | P48: 13.95
A49: =IF(G49="REJECT",COUNTIF($G$2:$G$2277,"<>REJECT")+1+COUNTIFS($G$2:$G$2277,"REJECT",$B$2:$B$2277,">"&B49),1+COUNTIFS($G$2:$G$2277,"<>REJECT",$B$2:$B$2277,">"&B49)) -> 48 | B49: =ROUND(($U$2*MAX(0,MIN(1,($W$2-I49)/($W$2-$V$2)))+$U$3*MAX(0,MIN(1,($W$3-J49)/($W$3-$V$3)))+$U$4*MAX(0,MIN(1,($W$4-K49)/($W$4-$V$4)))+$U$5*MAX(0,MIN(1,($W$5-L49)/($W$5-$V$5)))+$U$6*MAX(0,MIN(1,($W$6-M49)/($W$6-$V$6)))+$U$7*MAX(0,MIN(1,($W$7-N49)/($W$7-$V$7)))+$U$8*IF(AND(O49>=$V$8,O49<=$W$8),1,0))/$U$9*100,2) -> 97.32 | C49: sub-507 | D49: ses-1 | E49: EyesClosed | F49: post | G49: USABLE_WITH_FLAGS | H49: FLAG | I49: 0 | J49: 0 | K49: 0 | L49: 0.82 | M49: 8.48 | N49: 0.76 | O49: 184 | P49: 0.17 | R49: LOW_ALPHA_PROMINENCE
A50: =IF(G50="REJECT",COUNTIF($G$2:$G$2277,"<>REJECT")+1+COUNTIFS($G$2:$G$2277,"REJECT",$B$2:$B$2277,">"&B50),1+COUNTIFS($G$2:$G$2277,"<>REJECT",$B$2:$B$2277,">"&B50)) -> 49 | B50: =ROUND(($U$2*MAX(0,MIN(1,($W$2-I50)/($W$2-$V$2)))+$U$3*MAX(0,MIN(1,($W$3-J50)/($W$3-$V$3)))+$U$4*MAX(0,MIN(1,($W$4-K50)/($W$4-$V$4)))+$U$5*MAX(0,MIN(1,($W$5-L50)/($W$5-$V$5)))+$U$6*MAX(0,MIN(1,($W$6-M50)/($W$6-$V$6)))+$U$7*MAX(0,MIN(1,($W$7-N50)/($W$7-$V$7)))+$U$8*IF(AND(O50>=$V$8,O50<=$W$8),1,0))/$U$9*100,2) -> 97.31 | C50: sub-399 | D50: ses-1 | E50: EyesClosed | F50: pre | G50: USABLE_WITH_FLAGS | H50: FLAG | I50: 0 | J50: 0 | K50: 0 | L50: 0.79 | M50: 2.95 | N50: 0.96 | O50: 184 | P50: -1.17 | R50: LOW_ALPHA_PROMINENCE; NO_ALPHA_BLOCKING
A51: =IF(G51="REJECT",COUNTIF($G$2:$G$2277,"<>REJECT")+1+COUNTIFS($G$2:$G$2277,"REJECT",$B$2:$B$2277,">"&B51),1+COUNTIFS($G$2:$G$2277,"<>REJECT",$B$2:$B$2277,">"&B51)) -> 50 | B51: =ROUND(($U$2*MAX(0,MIN(1,($W$2-I51)/($W$2-$V$2)))+$U$3*MAX(0,MIN(1,($W$3-J51)/($W$3-$V$3)))+$U$4*MAX(0,MIN(1,($W$4-K51)/($W$4-$V$4)))+$U$5*MAX(0,MIN(1,($W$5-L51)/($W$5-$V$5)))+$U$6*MAX(0,MIN(1,($W$6-M51)/($W$6-$V$6)))+$U$7*MAX(0,MIN(1,($W$7-N51)/($W$7-$V$7)))+$U$8*IF(AND(O51>=$V$8,O51<=$W$8),1,0))/$U$9*100,2) -> 97.27 | C51: sub-007 | D51: ses-1 | E51: EyesOpen | F51: post | G51: USABLE_WITH_FLAGS | H51: FLAG | I51: 0 | J51: 0 | K51: 0 | L51: 0.79 | M51: 6.37 | N51: 0.64 | O51: 186 | P51: -1.16 | R51: NO_ALPHA_BLOCKING
A52: =IF(G52="REJECT",COUNTIF($G$2:$G$2277,"<>REJECT")+1+COUNTIFS($G$2:$G$2277,"REJECT",$B$2:$B$2277,">"&B52),1+COUNTIFS($G$2:$G$2277,"<>REJECT",$B$2:$B$2277,">"&B52)) -> 50 | B52: =ROUND(($U$2*MAX(0,MIN(1,($W$2-I52)/($W$2-$V$2)))+$U$3*MAX(0,MIN(1,($W$3-J52)/($W$3-$V$3)))+$U$4*MAX(0,MIN(1,($W$4-K52)/($W$4-$V$4)))+$U$5*MAX(0,MIN(1,($W$5-L52)/($W$5-$V$5)))+$U$6*MAX(0,MIN(1,($W$6-M52)/($W$6-$V$6)))+$U$7*MAX(0,MIN(1,($W$7-N52)/($W$7-$V$7)))+$U$8*IF(AND(O52>=$V$8,O52<=$W$8),1,0))/$U$9*100,2) -> 97.27 | C52: sub-087 | D52: ses-1 | E52: EyesOpen | F52: pre | G52: USABLE_WITH_FLAGS | H52: FLAG | I52: 0 | J52: 0 | K52: 0 | L52: 0.85 | M52: 12.41 | N52: 0.4 | O52: 185 | P52: -1.65 | R52: WEAK_ALPHA_BLOCKING
A53: =IF(G53="REJECT",COUNTIF($G$2:$G$2277,"<>REJECT")+1+COUNTIFS($G$2:$G$2277,"REJECT",$B$2:$B$2277,">"&B53),1+COUNTIFS($G$2:$G$2277,"<>REJECT",$B$2:$B$2277,">"&B53)) -> 52 | B53: =ROUND(($U$2*MAX(0,MIN(1,($W$2-I53)/($W$2-$V$2)))+$U$3*MAX(0,MIN(1,($W$3-J53)/($W$3-$V$3)))+$U$4*MAX(0,MIN(1,($W$4-K53)/($W$4-$V$4)))+$U$5*MAX(0,MIN(1,($W$5-L53)/($W$5-$V$5)))+$U$6*MAX(0,MIN(1,($W$6-M53)/($W$6-$V$6)))+$U$7*MAX(0,MIN(1,($W$7-N53)/($W$7-$V$7)))+$U$8*IF(AND(O53>=$V$8,O53<=$W$8),1,0))/$U$9*100,2) -> 97.23 | C53: sub-137 | D53: ses-1 | E53: EyesOpen | F53: pre | G53: USABLE | H53: PASS | I53: 0 | J53: 0 | K53: 0 | L53: 0.88 | M53: 7.04 | N53: 0.96 | O53: 191 | P53: 7.27
A54: =IF(G54="REJECT",COUNTIF($G$2:$G$2277,"<>REJECT")+1+COUNTIFS($G$2:$G$2277,"REJECT",$B$2:$B$2277,">"&B54),1+COUNTIFS($G$2:$G$2277,"<>REJECT",$B$2:$B$2277,">"&B54)) -> 53 | B54: =ROUND(($U$2*MAX(0,MIN(1,($W$2-I54)/($W$2-$V$2)))+$U$3*MAX(0,MIN(1,($W$3-J54)/($W$3-$V$3)))+$U$4*MAX(0,MIN(1,($W$4-K54)/($W$4-$V$4)))+$U$5*MAX(0,MIN(1,($W$5-L54)/($W$5-$V$5)))+$U$6*MAX(0,MIN(1,($W$6-M54)/($W$6-$V$6)))+$U$7*MAX(0,MIN(1,($W$7-N54)/($W$7-$V$7)))+$U$8*IF(AND(O54>=$V$8,O54<=$W$8),1,0))/$U$9*100,2) -> 97.21 | C54: sub-216 | D54: ses-1 | E54: EyesClosed | F54: post | G54: USABLE | H54: PASS | I54: 0 | J54: 0 | K54: 0 | L54: 0.83 | M54: 15.15 | N54: 0.16 | O54: 185 | P54: 11.14
A55: =IF(G55="REJECT",COUNTIF($G$2:$G$2277,"<>REJECT")+1+COUNTIFS($G$2:$G$2277,"REJECT",$B$2:$B$2277,">"&B55),1+COUNTIFS($G$2:$G$2277,"<>REJECT",$B$2:$B$2277,">"&B55)) -> 54 | B55: =ROUND(($U$2*MAX(0,MIN(1,($W$2-I55)/($W$2-$V$2)))+$U$3*MAX(0,MIN(1,($W$3-J55)/($W$3-$V$3)))+$U$4*MAX(0,MIN(1,($W$4-K55)/($W$4-$V$4)))+$U$5*MAX(0,MIN(1,($W$5-L55)/($W$5-$V$5)))+$U$6*MAX(0,MIN(1,($W$6-M55)/($W$6-$V$6)))+$U$7*MAX(0,MIN(1,($W$7-N55)/($W$7-$V$7)))+$U$8*IF(AND(O55>=$V$8,O55<=$W$8),1,0))/$U$9*100,2) -> 97.2 | C55: sub-323 | D55: ses-2 | E55: EyesOpen | F55: post | G55: USABLE_WITH_FLAGS | H55: FLAG | I55: 0 | J55: 0 | K55: 0 | L55: 0.89 | M55: 7.58 | N55: 0.92 | O55: 185 | P55: -3.28 | R55: NO_ALPHA_BLOCKING
A56: =IF(G56="REJECT",COUNTIF($G$2:$G$2277,"<>REJECT")+1+COUNTIFS($G$2:$G$2277,"REJECT",$B$2:$B$2277,">"&B56),1+COUNTIFS($G$2:$G$2277,"<>REJECT",$B$2:$B$2277,">"&B56)) -> 55 | B56: =ROUND(($U$2*MAX(0,MIN(1,($W$2-I56)/($W$2-$V$2)))+$U$3*MAX(0,MIN(1,($W$3-J56)/($W$3-$V$3)))+$U$4*MAX(0,MIN(1,($W$4-K56)/($W$4-$V$4)))+$U$5*MAX(0,MIN(1,($W$5-L56)/($W$5-$V$5)))+$U$6*MAX(0,MIN(1,($W$6-M56)/($W$6-$V$6)))+$U$7*MAX(0,MIN(1,($W$7-N56)/($W$7-$V$7)))+$U$8*IF(AND(O56>=$V$8,O56<=$W$8),1,0))/$U$9*100,2) -> 97.15 | C56: sub-365 | D56: ses-1 | E56: EyesClosed | F56: post | G56: USABLE_WITH_FLAGS | H56: FLAG | I56: 0 | J56: 0 | K56: 0 | L56: 0.78 | M56: 1.92 | N56: 0.8 | O56: 184 | P56: -0.77 | R56: LOW_ALPHA_PROMINENCE; WEAK_ALPHA_BLOCKING
A57: =IF(G57="REJECT",COUNTIF($G$2:$G$2277,"<>REJECT")+1+COUNTIFS($G$2:$G$2277,"REJECT",$B$2:$B$2277,">"&B57),1+COUNTIFS($G$2:$G$2277,"<>REJECT",$B$2:$B$2277,">"&B57)) -> 56 | B57: =ROUND(($U$2*MAX(0,MIN(1,($W$2-I57)/($W$2-$V$2)))+$U$3*MAX(0,MIN(1,($W$3-J57)/($W$3-$V$3)))+$U$4*MAX(0,MIN(1,($W$4-K57)/($W$4-$V$4)))+$U$5*MAX(0,MIN(1,($W$5-L57)/($W$5-$V$5)))+$U$6*MAX(0,MIN(1,($W$6-M57)/($W$6-$V$6)))+$U$7*MAX(0,MIN(1,($W$7-N57)/($W$7-$V$7)))+$U$8*IF(AND(O57>=$V$8,O57<=$W$8),1,0))/$U$9*100,2) -> 97.12 | C57: sub-003 | D57: ses-1 | E57: EyesOpen | F57: post | G57: USABLE | H57: PASS | I57: 0 | J57: 0 | K57: 0 | L57: 0.87 | M57: 10.89 | N57: 0.64 | O57: 187 | P57: -0.51
A58: =IF(G58="REJECT",COUNTIF($G$2:$G$2277,"<>REJECT")+1+COUNTIFS($G$2:$G$2277,"REJECT",$B$2:$B$2277,">"&B58),1+COUNTIFS($G$2:$G$2277,"<>REJECT",$B$2:$B$2277,">"&B58)) -> 57 | B58: =ROUND(($U$2*MAX(0,MIN(1,($W$2-I58)/($W$2-$V$2)))+$U$3*MAX(0,MIN(1,($W$3-J58)/($W$3-$V$3)))+$U$4*MAX(0,MIN(1,($W$4-K58)/($W$4-$V$4)))+$U$5*MAX(0,MIN(1,($W$5-L58)/($W$5-$V$5)))+$U$6*MAX(0,MIN(1,($W$6-M58)/($W$6-$V$6)))+$U$7*MAX(0,MIN(1,($W$7-N58)/($W$7-$V$7)))+$U$8*IF(AND(O58>=$V$8,O58<=$W$8),1,0))/$U$9*100,2) -> 97.1 | C58: sub-028 | D58: ses-1 | E58: EyesClosed | F58: post | G58: USABLE_WITH_FLAGS | H58: FLAG | I58: 0 | J58: 0 | K58: 0 | L58: 0.77 | M58: 0.23 | N58: 0.64 | O58: 184 | P58: -1.25 | R58: LOW_ALPHA_PROMINENCE
A59: =IF(G59="REJECT",COUNTIF($G$2:$G$2277,"<>REJECT")+1+COUNTIFS($G$2:$G$2277,"REJECT",$B$2:$B$2277,">"&B59),1+COUNTIFS($G$2:$G$2277,"<>REJECT",$B$2:$B$2277,">"&B59)) -> 58 | B59: =ROUND(($U$2*MAX(0,MIN(1,($W$2-I59)/($W$2-$V$2)))+$U$3*MAX(0,MIN(1,($W$3-J59)/($W$3-$V$3)))+$U$4*MAX(0,MIN(1,($W$4-K59)/($W$4-$V$4)))+$U$5*MAX(0,MIN(1,($W$5-L59)/($W$5-$V$5)))+$U$6*MAX(0,MIN(1,($W$6-M59)/($W$6-$V$6)))+$U$7*MAX(0,MIN(1,($W$7-N59)/($W$7-$V$7)))+$U$8*IF(AND(O59>=$V$8,O59<=$W$8),1,0))/$U$9*100,2) -> 97.09 | C59: sub-395 | D59: ses-1 | E59: EyesOpen | F59: post | G59: USABLE | H59: PASS | I59: 0 | J59: 0 | K59: 0 | L59: 0.78 | M59: 4.29 | N59: 0.6 | O59: 185 | P59: 4.93
A60: =IF(G60="REJECT",COUNTIF($G$2:$G$2277,"<>REJECT")+1+COUNTIFS($G$2:$G$2277,"REJECT",$B$2:$B$2277,">"&B60),1+COUNTIFS($G$2:$G$2277,"<>REJECT",$B$2:$B$2277,">"&B60)) -> 58 | B60: =ROUND(($U$2*MAX(0,MIN(1,($W$2-I60)/($W$2-$V$2)))+$U$3*MAX(0,MIN(1,($W$3-J60)/($W$3-$V$3)))+$U$4*MAX(0,MIN(1,($W$4-K60)/($W$4-$V$4)))+$U$5*MAX(0,MIN(1,($W$5-L60)/($W$5-$V$5)))+$U$6*MAX(0,MIN(1,($W$6-M60)/($W$6-$V$6)))+$U$7*MAX(0,MIN(1,($W$7-N60)/($W$7-$V$7)))+$U$8*IF(AND(O60>=$V$8,O60<=$W$8),1,0))/$U$9*100,2) -> 97.09 | C60: sub-492 | D60: ses-1 | E60: EyesClosed | F60: post | G60: USABLE | H60: PASS | I60: 0 | J60: 0 | K60: 0 | L60: 0.81 | M60: 9.45 | N60: 0.8 | O60: 183 | P60: 8.52
A61: =IF(G61="REJECT",COUNTIF($G$2:$G$2277,"<>REJECT")+1+COUNTIFS($G$2:$G$2277,"REJECT",$B$2:$B$2277,">"&B61),1+COUNTIFS($G$2:$G$2277,"<>REJECT",$B$2:$B$2277,">"&B61)) -> 60 | B61: =ROUND(($U$2*MAX(0,MIN(1,($W$2-I61)/($W$2-$V$2)))+$U$3*MAX(0,MIN(1,($W$3-J61)/($W$3-$V$3)))+$U$4*MAX(0,MIN(1,($W$4-K61)/($W$4-$V$4)))+$U$5*MAX(0,MIN(1,($W$5-L61)/($W$5-$V$5)))+$U$6*MAX(0,MIN(1,($W$6-M61)/($W$6-$V$6)))+$U$7*MAX(0,MIN(1,($W$7-N61)/($W$7-$V$7)))+$U$8*IF(AND(O61>=$V$8,O61<=$W$8),1,0))/$U$9*100,2) -> 97.03 | C61: sub-325 | D61: ses-1 | E61: EyesOpen | F61: post | G61: USABLE | H61: PASS | I61: 0 | J61: 0 | K61: 0 | L61: 0.77 | M61: 3.85 | N61: 0.32 | O61: 183 | P61: 3.73
A62: =IF(G62="REJECT",COUNTIF($G$2:$G$2277,"<>REJECT")+1+COUNTIFS($G$2:$G$2277,"REJECT",$B$2:$B$2277,">"&B62),1+COUNTIFS($G$2:$G$2277,"<>REJECT",$B$2:$B$2277,">"&B62)) -> 61 | B62: =ROUND(($U$2*MAX(0,MIN(1,($W$2-I62)/($W$2-$V$2)))+$U$3*MAX(0,MIN(1,($W$3-J62)/($W$3-$V$3)))+$U$4*MAX(0,MIN(1,($W$4-K62)/($W$4-$V$4)))+$U$5*MAX(0,MIN(1,($W$5-L62)/($W$5-$V$5)))+$U$6*MAX(0,MIN(1,($W$6-M62)/($W$6-$V$6)))+$U$7*MAX(0,MIN(1,($W$7-N62)/($W$7-$V$7)))+$U$8*IF(AND(O62>=$V$8,O62<=$W$8),1,0))/$U$9*100,2) -> 96.94 | C62: sub-560 | D62: ses-1 | E62: EyesOpen | F62: post | G62: USABLE | H62: PASS | I62: 0 | J62: 0 | K62: 0 | L62: 0.8 | M62: 15.19 | N62: 0.32 | O62: 184 | P62: 0.12
A63: =IF(G63="REJECT",COUNTIF($G$2:$G$2277,"<>REJECT")+1+COUNTIFS($G$2:$G$2277,"REJECT",$B$2:$B$2277,">"&B63),1+COUNTIFS($G$2:$G$2277,"<>REJECT",$B$2:$B$2277,">"&B63)) -> 62 | B63: =ROUND(($U$2*MAX(0,MIN(1,($W$2-I63)/($W$2-$V$2)))+$U$3*MAX(0,MIN(1,($W$3-J63)/($W$3-$V$3)))+$U$4*MAX(0,MIN(1,($W$4-K63)/($W$4-$V$4)))+$U$5*MAX(0,MIN(1,($W$5-L63)/($W$5-$V$5)))+$U$6*MAX(0,MIN(1,($W$6-M63)/($W$6-$V$6)))+$U$7*MAX(0,MIN(1,($W$7-N63)/($W$7-$V$7)))+$U$8*IF(AND(O63>=$V$8,O63<=$W$8),1,0))/$U$9*100,2) -> 96.88 | C63: sub-160 | D63: ses-2 | E63: EyesOpen | F63: pre | G63: USABLE | H63: PASS | I63: 0 | J63: 0 | K63: 0 | L63: 0.8 | M63: 14.74 | N63: 0.4 | O63: 185 | P63: 0.61
A64: =IF(G64="REJECT",COUNTIF($G$2:$G$2277,"<>REJECT")+1+COUNTIFS($G$2:$G$2277,"REJECT",$B$2:$B$2277,">"&B64),1+COUNTIFS($G$2:$G$2277,"<>REJECT",$B$2:$B$2277,">"&B64)) -> 62 | B64: =ROUND(($U$2*MAX(0,MIN(1,($W$2-I64)/($W$2-$V$2)))+$U$3*MAX(0,MIN(1,($W$3-J64)/($W$3-$V$3)))+$U$4*MAX(0,MIN(1,($W$4-K64)/($W$4-$V$4)))+$U$5*MAX(0,MIN(1,($W$5-L64)/($W$5-$V$5)))+$U$6*MAX(0,MIN(1,($W$6-M64)/($W$6-$V$6)))+$U$7*MAX(0,MIN(1,($W$7-N64)/($W$7-$V$7)))+$U$8*IF(AND(O64>=$V$8,O64<=$W$8),1,0))/$U$9*100,2) -> 96.88 | C64: sub-347 | D64: ses-1 | E64: EyesOpen | F64: post | G64: USABLE | H64: PASS | I64: 0 | J64: 0 | K64: 0 | L64: 0.76 | M64: 4.31 | N64: 0 | O64: 192 | P64: 3.73
A65: =IF(G65="REJECT",COUNTIF($G$2:$G$2277,"<>REJECT")+1+COUNTIFS($G$2:$G$2277,"REJECT",$B$2:$B$2277,">"&B65),1+COUNTIFS($G$2:$G$2277,"<>REJECT",$B$2:$B$2277,">"&B65)) -> 64 | B65: =ROUND(($U$2*MAX(0,MIN(1,($W$2-I65)/($W$2-$V$2)))+$U$3*MAX(0,MIN(1,($W$3-J65)/($W$3-$V$3)))+$U$4*MAX(0,MIN(1,($W$4-K65)/($W$4-$V$4)))+$U$5*MAX(0,MIN(1,($W$5-L65)/($W$5-$V$5)))+$U$6*MAX(0,MIN(1,($W$6-M65)/($W$6-$V$6)))+$U$7*MAX(0,MIN(1,($W$7-N65)/($W$7-$V$7)))+$U$8*IF(AND(O65>=$V$8,O65<=$W$8),1,0))/$U$9*100,2) -> 96.87 | C65: sub-171 | D65: ses-2 | E65: EyesClosed | F65: post | G65: USABLE_WITH_FLAGS | H65: FLAG | I65: 0 | J65: 0 | K65: 0 | L65: 0.85 | M65: 9.21 | N65: 0.96 | O65: 185 | P65: 11.75 | R65: WEAK_ALPHA_BLOCKING
A66: =IF(G66="REJECT",COUNTIF($G$2:$G$2277,"<>REJECT")+1+COUNTIFS($G$2:$G$2277,"REJECT",$B$2:$B$2277,">"&B66),1+COUNTIFS($G$2:$G$2277,"<>REJECT",$B$2:$B$2277,">"&B66)) -> 65 | B66: =ROUND(($U$2*MAX(0,MIN(1,($W$2-I66)/($W$2-$V$2)))+$U$3*MAX(0,MIN(1,($W$3-J66)/($W$3-$V$3)))+$U$4*MAX(0,MIN(1,($W$4-K66)/($W$4-$V$4)))+$U$5*MAX(0,MIN(1,($W$5-L66)/($W$5-$V$5)))+$U$6*MAX(0,MIN(1,($W$6-M66)/($W$6-$V$6)))+$U$7*MAX(0,MIN(1,($W$7-N66)/($W$7-$V$7)))+$U$8*IF(AND(O66>=$V$8,O66<=$W$8),1,0))/$U$9*100,2) -> 96.86 | C66: sub-266 | D66: ses-2 | E66: EyesClosed | F66: post | G66: USABLE_WITH_FLAGS | H66: FLAG | I66: 0 | J66: 0 | K66: 0 | L66: 0.81 | M66: 14.83 | N66: 0.4 | O66: 182 | P66: 6.34 | R66: WEAK_ALPHA_BLOCKING
A67: =IF(G67="REJECT",COUNTIF($G$2:$G$2277,"<>REJECT")+1+COUNTIFS($G$2:$G$2277,"REJECT",$B$2:$B$2277,">"&B67),1+COUNTIFS($G$2:$G$2277,"<>REJECT",$B$2:$B$2277,">"&B67)) -> 66 | B67: =ROUND(($U$2*MAX(0,MIN(1,($W$2-I67)/($W$2-$V$2)))+$U$3*MAX(0,MIN(1,($W$3-J67)/($W$3-$V$3)))+$U$4*MAX(0,MIN(1,($W$4-K67)/($W$4-$V$4)))+$U$5*MAX(0,MIN(1,($W$5-L67)/($W$5-$V$5)))+$U$6*MAX(0,MIN(1,($W$6-M67)/($W$6-$V$6)))+$U$7*MAX(0,MIN(1,($W$7-N67)/($W$7-$V$7)))+$U$8*IF(AND(O67>=$V$8,O67<=$W$8),1,0))/$U$9*100,2) -> 96.84 | C67: sub-458 | D67: ses-1 | E67: EyesClosed | F67: post | G67: USABLE | H67: PASS | I67: 0 | J67: 0 | K67: 0 | L67: 0.81 | M67: 15.77 | N67: 0.32 | O67: 183 | P67: 8.6
A68: =IF(G68="REJECT",COUNTIF($G$2:$G$2277,"<>REJECT")+1+COUNTIFS($G$2:$G$2277,"REJECT",$B$2:$B$2277,">"&B68),1+COUNTIFS($G$2:$G$2277,"<>REJECT",$B$2:$B$2277,">"&B68)) -> 67 | B68: =ROUND(($U$2*MAX(0,MIN(1,($W$2-I68)/($W$2-$V$2)))+$U$3*MAX(0,MIN(1,($W$3-J68)/($W$3-$V$3)))+$U$4*MAX(0,MIN(1,($W$4-K68)/($W$4-$V$4)))+$U$5*MAX(0,MIN(1,($W$5-L68)/($W$5-$V$5)))+$U$6*MAX(0,MIN(1,($W$6-M68)/($W$6-$V$6)))+$U$7*MAX(0,MIN(1,($W$7-N68)/($W$7-$V$7)))+$U$8*IF(AND(O68>=$V$8,O68<=$W$8),1,0))/$U$9*100,2) -> 96.8 | C68: sub-443 | D68: ses-1 | E68: EyesOpen | F68: post | G68: USABLE_WITH_FLAGS | H68: FLAG | I68: 0 | J68: 0 | K68: 0 | L68: 0.77 | M68: 0.38 | N68: 0.8 | O68: 184 | P68: -1.17 | R68: NO_ALPHA_BLOCKING
A69: =IF(G69="REJECT",COUNTIF($G$2:$G$2277,"<>REJECT")+1+COUNTIFS($G$2:$G$2277,"REJECT",$B$2:$B$2277,">"&B69),1+COUNTIFS($G$2:$G$2277,"<>REJECT",$B$2:$B$2277,">"&B69)) -> 68 | B69: =ROUND(($U$2*MAX(0,MIN(1,($W$2-I69)/($W$2-$V$2)))+$U$3*MAX(0,MIN(1,($W$3-J69)/($W$3-$V$3)))+$U$4*MAX(0,MIN(1,($W$4-K69)/($W$4-$V$4)))+$U$5*MAX(0,MIN(1,($W$5-L69)/($W$5-$V$5)))+$U$6*MAX(0,MIN(1,($W$6-M69)/($W$6-$V$6)))+$U$7*MAX(0,MIN(1,($W$7-N69)/($W$7-$V$7)))+$U$8*IF(AND(O69>=$V$8,O69<=$W$8),1,0))/$U$9*100,2) -> 96.78 | C69: sub-353 | D69: ses-2 | E69: EyesClosed | F69: pre | G69: USABLE | H69: PASS | I69: 0 | J69: 0 | K69: 0 | L69: 0.78 | M69: 6.9 | N69: 0.52 | O69: 182 | P69: 21.77
A70: =IF(G70="REJECT",COUNTIF($G$2:$G$2277,"<>REJECT")+1+COUNTIFS($G$2:$G$2277,"REJECT",$B$2:$B$2277,">"&B70),1+COUNTIFS($G$2:$G$2277,"<>REJECT",$B$2:$B$2277,">"&B70)) -> 68 | B70: =ROUND(($U$2*MAX(0,MIN(1,($W$2-I70)/($W$2-$V$2)))+$U$3*MAX(0,MIN(1,($W$3-J70)/($W$3-$V$3)))+$U$4*MAX(0,MIN(1,($W$4-K70)/($W$4-$V$4)))+$U$5*MAX(0,MIN(1,($W$5-L70)/($W$5-$V$5)))+$U$6*MAX(0,MIN(1,($W$6-M70)/($W$6-$V$6)))+$U$7*MAX(0,MIN(1,($W$7-N70)/($W$7-$V$7)))+$U$8*IF(AND(O70>=$V$8,O70<=$W$8),1,0))/$U$9*100,2) -> 96.78 | C70: sub-421 | D70: ses-1 | E70: EyesOpen | F70: pre | G70: USABLE | H70: PASS | I70: 0 | J70: 0 | K70: 0 | L70: 0.83 | M70: 16.13 | N70: 0.32 | O70: 185 | P70: 0.79
A71: =IF(G71="REJECT",COUNTIF($G$2:$G$2277,"<>REJECT")+1+COUNTIFS($G$2:$G$2277,"REJECT",$B$2:$B$2277,">"&B71),1+COUNTIFS($G$2:$G$2277,"<>REJECT",$B$2:$B$2277,">"&B71)) -> 70 | B71: =ROUND(($U$2*MAX(0,MIN(1,($W$2-I71)/($W$2-$V$2)))+$U$3*MAX(0,MIN(1,($W$3-J71)/($W$3-$V$3)))+$U$4*MAX(0,MIN(1,($W$4-K71)/($W$4-$V$4)))+$U$5*MAX(0,MIN(1,($W$5-L71)/($W$5-$V$5)))+$U$6*MAX(0,MIN(1,($W$6-M71)/($W$6-$V$6)))+$U$7*MAX(0,MIN(1,($W$7-N71)/($W$7-$V$7)))+$U$8*IF(AND(O71>=$V$8,O71<=$W$8),1,0))/$U$9*100,2) -> 96.75 | C71: sub-193 | D71: ses-1 | E71: EyesOpen | F71: post | G71: USABLE | H71: PASS | I71: 0 | J71: 0 | K71: 0 | L71: 0.77 | M71: 7.49 | N71: 0.12 | O71: 191 | P71: 7.18
A72: =IF(G72="REJECT",COUNTIF($G$2:$G$2277,"<>REJECT")+1+COUNTIFS($G$2:$G$2277,"REJECT",$B$2:$B$2277,">"&B72),1+COUNTIFS($G$2:$G$2277,"<>REJECT",$B$2:$B$2277,">"&B72)) -> 71 | B72: =ROUND(($U$2*MAX(0,MIN(1,($W$2-I72)/($W$2-$V$2)))+$U$3*MAX(0,MIN(1,($W$3-J72)/($W$3-$V$3)))+$U$4*MAX(0,MIN(1,($W$4-K72)/($W$4-$V$4)))+$U$5*MAX(0,MIN(1,($W$5-L72)/($W$5-$V$5)))+$U$6*MAX(0,MIN(1,($W$6-M72)/($W$6-$V$6)))+$U$7*MAX(0,MIN(1,($W$7-N72)/($W$7-$V$7)))+$U$8*IF(AND(O72>=$V$8,O72<=$W$8),1,0))/$U$9*100,2) -> 96.72 | C72: sub-277 | D72: ses-2 | E72: EyesOpen | F72: post | G72: USABLE_WITH_FLAGS | H72: FLAG | I72: 0 | J72: 0 | K72: 0 | L72: 0.79 | M72: 11.29 | N72: 0.48 | O72: 184 | P72: -1.02 | R72: NO_ALPHA_BLOCKING
A73: =IF(G73="REJECT",COUNTIF($G$2:$G$2277,"<>REJECT")+1+COUNTIFS($G$2:$G$2277,"REJECT",$B$2:$B$2277,">"&B73),1+COUNTIFS($G$2:$G$2277,"<>REJECT",$B$2:$B$2277,">"&B73)) -> 71 | B73: =ROUND(($U$2*MAX(0,MIN(1,($W$2-I73)/($W$2-$V$2)))+$U$3*MAX(0,MIN(1,($W$3-J73)/($W$3-$V$3)))+$U$4*MAX(0,MIN(1,($W$4-K73)/($W$4-$V$4)))+$U$5*MAX(0,MIN(1,($W$5-L73)/($W$5-$V$5)))+$U$6*MAX(0,MIN(1,($W$6-M73)/($W$6-$V$6)))+$U$7*MAX(0,MIN(1,($W$7-N73)/($W$7-$V$7)))+$U$8*IF(AND(O73>=$V$8,O73<=$W$8),1,0))/$U$9*100,2) -> 96.72 | C73: sub-368 | D73: ses-2 | E73: EyesOpen | F73: post | G73: USABLE_WITH_FLAGS | H73: FLAG | I73: 0 | J73: 0 | K73: 0 | L73: 0.82 | M73: 11.67 | N73: 0.8 | O73: 184 | P73: -1.24 | R73: NO_ALPHA_BLOCKING
A74: =IF(G74="REJECT",COUNTIF($G$2:$G$2277,"<>REJECT")+1+COUNTIFS($G$2:$G$2277,"REJECT",$B$2:$B$2277,">"&B74),1+COUNTIFS($G$2:$G$2277,"<>REJECT",$B$2:$B$2277,">"&B74)) -> 73 | B74: =ROUND(($U$2*MAX(0,MIN(1,($W$2-I74)/($W$2-$V$2)))+$U$3*MAX(0,MIN(1,($W$3-J74)/($W$3-$V$3)))+$U$4*MAX(0,MIN(1,($W$4-K74)/($W$4-$V$4)))+$U$5*MAX(0,MIN(1,($W$5-L74)/($W$5-$V$5)))+$U$6*MAX(0,MIN(1,($W$6-M74)/($W$6-$V$6)))+$U$7*MAX(0,MIN(1,($W$7-N74)/($W$7-$V$7)))+$U$8*IF(AND(O74>=$V$8,O74<=$W$8),1,0))/$U$9*100,2) -> 96.69 | C74: sub-258 | D74: ses-1 | E74: EyesClosed | F74: pre | G74: USABLE | H74: PASS | I74: 0 | J74: 0 | K74: 0 | L74: 0.79 | M74: 7.09 | N74: 0.92 | O74: 182 | P74: 3.18
A75: =IF(G75="REJECT",COUNTIF($G$2:$G$2277,"<>REJECT")+1+COUNTIFS($G$2:$G$2277,"REJECT",$B$2:$B$2277,">"&B75),1+COUNTIFS($G$2:$G$2277,"<>REJECT",$B$2:$B$2277,">"&B75)) -> 74 | B75: =ROUND(($U$2*MAX(0,MIN(1,($W$2-I75)/($W$2-$V$2)))+$U$3*MAX(0,MIN(1,($W$3-J75)/($W$3-$V$3)))+$U$4*MAX(0,MIN(1,($W$4-K75)/($W$4-$V$4)))+$U$5*MAX(0,MIN(1,($W$5-L75)/($W$5-$V$5)))+$U$6*MAX(0,MIN(1,($W$6-M75)/($W$6-$V$6)))+$U$7*MAX(0,MIN(1,($W$7-N75)/($W$7-$V$7)))+$U$8*IF(AND(O75>=$V$8,O75<=$W$8),1,0))/$U$9*100,2) -> 96.68 | C75: sub-397 | D75: ses-1 | E75: EyesClosed | F75: post | G75: USABLE | H75: PASS | I75: 0 | J75: 0 | K75: 0 | L75: 0.77 | M75: 7.5 | N75: 0.16 | O75: 183 | P75: 4.91
A76: =IF(G76="REJECT",COUNTIF($G$2:$G$2277,"<>REJECT")+1+COUNTIFS($G$2:$G$2277,"REJECT",$B$2:$B$2277,">"&B76),1+COUNTIFS($G$2:$G$2277,"<>REJECT",$B$2:$B$2277,">"&B76)) -> 75 | B76: =ROUND(($U$2*MAX(0,MIN(1,($W$2-I76)/($W$2-$V$2)))+$U$3*MAX(0,MIN(1,($W$3-J76)/($W$3-$V$3)))+$U$4*MAX(0,MIN(1,($W$4-K76)/($W$4-$V$4)))+$U$5*MAX(0,MIN(1,($W$5-L76)/($W$5-$V$5)))+$U$6*MAX(0,MIN(1,($W$6-M76)/($W$6-$V$6)))+$U$7*MAX(0,MIN(1,($W$7-N76)/($W$7-$V$7)))+$U$8*IF(AND(O76>=$V$8,O76<=$W$8),1,0))/$U$9*100,2) -> 96.64 | C76: sub-507 | D76: ses-1 | E76: EyesClosed | F76: pre | G76: USABLE_WITH_FLAGS | H76: FLAG | I76: 0 | J76: 0 | K76: 0 | L76: 0.82 | M76: 15.37 | N76: 0.48 | O76: 184 | P76: 7.6 | R76: WEAK_ALPHA_BLOCKING
A77: =IF(G77="REJECT",COUNTIF($G$2:$G$2277,"<>REJECT")+1+COUNTIFS($G$2:$G$2277,"REJECT",$B$2:$B$2277,">"&B77),1+COUNTIFS($G$2:$G$2277,"<>REJECT",$B$2:$B$2277,">"&B77)) -> 76 | B77: =ROUND(($U$2*MAX(0,MIN(1,($W$2-I77)/($W$2-$V$2)))+$U$3*MAX(0,MIN(1,($W$3-J77)/($W$3-$V$3)))+$U$4*MAX(0,MIN(1,($W$4-K77)/($W$4-$V$4)))+$U$5*MAX(0,MIN(1,($W$5-L77)/($W$5-$V$5)))+$U$6*MAX(0,MIN(1,($W$6-M77)/($W$6-$V$6)))+$U$7*MAX(0,MIN(1,($W$7-N77)/($W$7-$V$7)))+$U$8*IF(AND(O77>=$V$8,O77<=$W$8),1,0))/$U$9*100,2) -> 96.59 | C77: sub-371 | D77: ses-1 | E77: EyesOpen | F77: pre | G77: USABLE | H77: PASS | I77: 0 | J77: 0 | K77: 0 | L77: 0.76 | M77: 4.45 | N77: 0.16 | O77: 185 | P77: 12.54
A78: =IF(G78="REJECT",COUNTIF($G$2:$G$2277,"<>REJECT")+1+COUNTIFS($G$2:$G$2277,"REJECT",$B$2:$B$2277,">"&B78),1+COUNTIFS($G$2:$G$2277,"<>REJECT",$B$2:$B$2277,">"&B78)) -> 77 | B78: =ROUND(($U$2*MAX(0,MIN(1,($W$2-I78)/($W$2-$V$2)))+$U$3*MAX(0,MIN(1,($W$3-J78)/($W$3-$V$3)))+$U$4*MAX(0,MIN(1,($W$4-K78)/($W$4-$V$4)))+$U$5*MAX(0,MIN(1,($W$5-L78)/($W$5-$V$5)))+$U$6*MAX(0,MIN(1,($W$6-M78)/($W$6-$V$6)))+$U$7*MAX(0,MIN(1,($W$7-N78)/($W$7-$V$7)))+$U$8*IF(AND(O78>=$V$8,O78<=$W$8),1,0))/$U$9*100,2) -> 96.58 | C78: sub-117 | D78: ses-1 | E78: EyesOpen | F78: post | G78: USABLE_WITH_FLAGS | H78: FLAG | I78: 0 | J78: 0 | K78: 0 | L78: 0.77 | M78: 2.95 | N78: 0.68 | O78: 194 | P78: -1.28 | R78: NO_ALPHA_BLOCKING
A79: =IF(G79="REJECT",COUNTIF($G$2:$G$2277,"<>REJECT")+1+COUNTIFS($G$2:$G$2277,"REJECT",$B$2:$B$2277,">"&B79),1+COUNTIFS($G$2:$G$2277,"<>REJECT",$B$2:$B$2277,">"&B79)) -> 78 | B79: =ROUND(($U$2*MAX(0,MIN(1,($W$2-I79)/($W$2-$V$2)))+$U$3*MAX(0,MIN(1,($W$3-J79)/($W$3-$V$3)))+$U$4*MAX(0,MIN(1,($W$4-K79)/($W$4-$V$4)))+$U$5*MAX(0,MIN(1,($W$5-L79)/($W$5-$V$5)))+$U$6*MAX(0,MIN(1,($W$6-M79)/($W$6-$V$6)))+$U$7*MAX(0,MIN(1,($W$7-N79)/($W$7-$V$7)))+$U$8*IF(AND(O79>=$V$8,O79<=$W$8),1,0))/$U$9*100,2) -> 96.54 | C79: sub-166 | D79: ses-1 | E79: EyesClosed | F79: pre | G79: USABLE | H79: PASS | I79: 0 | J79: 0 | K79: 0 | L79: 0.79 | M79: 15.54 | N79: 0.16 | O79: 184 | P79: 8.7
A80: =IF(G80="REJECT",COUNTIF($G$2:$G$2277,"<>REJECT")+1+COUNTIFS($G$2:$G$2277,"REJECT",$B$2:$B$2277,">"&B80),1+COUNTIFS($G$2:$G$2277,"<>REJECT",$B$2:$B$2277,">"&B80)) -> 79 | B80: =ROUND(($U$2*MAX(0,MIN(1,($W$2-I80)/($W$2-$V$2)))+$U$3*MAX(0,MIN(1,($W$3-J80)/($W$3-$V$3)))+$U$4*MAX(0,MIN(1,($W$4-K80)/($W$4-$V$4)))+$U$5*MAX(0,MIN(1,($W$5-L80)/($W$5-$V$5)))+$U$6*MAX(0,MIN(1,($W$6-M80)/($W$6-$V$6)))+$U$7*MAX(0,MIN(1,($W$7-N80)/($W$7-$V$7)))+$U$8*IF(AND(O80>=$V$8,O80<=$W$8),1,0))/$U$9*100,2) -> 96.53 | C80: sub-364 | D80: ses-1 | E80: EyesClosed | F80: post | G80: USABLE_WITH_FLAGS | H80: FLAG | I80: 0 | J80: 0 | K80: 0 | L80: 0.76 | M80: 4.83 | N80: 0.16 | O80: 208 | P80: 4.98 | R80: WEAK_ALPHA_BLOCKING
A81: =IF(G81="REJECT",COUNTIF($G$2:$G$2277,"<>REJECT")+1+COUNTIFS($G$2:$G$2277,"REJECT",$B$2:$B$2277,">"&B81),1+COUNTIFS($G$2:$G$2277,"<>REJECT",$B$2:$B$2277,">"&B81)) -> 79 | B81: =ROUND(($U$2*MAX(0,MIN(1,($W$2-I81)/($W$2-$V$2)))+$U$3*MAX(0,MIN(1,($W$3-J81)/($W$3-$V$3)))+$U$4*MAX(0,MIN(1,($W$4-K81)/($W$4-$V$4)))+$U$5*MAX(0,MIN(1,($W$5-L81)/($W$5-$V$5)))+$U$6*MAX(0,MIN(1,($W$6-M81)/($W$6-$V$6)))+$U$7*MAX(0,MIN(1,($W$7-N81)/($W$7-$V$7)))+$U$8*IF(AND(O81>=$V$8,O81<=$W$8),1,0))/$U$9*100,2) -> 96.53 | C81: sub-413 | D81: ses-1 | E81: EyesClosed | F81: post | G81: USABLE | H81: PASS | I81: 0 | J81: 0 | K81: 0 | L81: 0.75 | M81: 0.44 | N81: 0.24 | O81: 197 | P81: 18.83
A82: =IF(G82="REJECT",COUNTIF($G$2:$G$2277,"<>REJECT")+1+COUNTIFS($G$2:$G$2277,"REJECT",$B$2:$B$2277,">"&B82),1+COUNTIFS($G$2:$G$2277,"<>REJECT",$B$2:$B$2277,">"&B82)) -> 81 | B82: =ROUND(($U$2*MAX(0,MIN(1,($W$2-I82)/($W$2-$V$2)))+$U$3*MAX(0,MIN(1,($W$3-J82)/($W$3-$V$3)))+$U$4*MAX(0,MIN(1,($W$4-K82)/($W$4-$V$4)))+$U$5*MAX(0,MIN(1,($W$5-L82)/($W$5-$V$5)))+$U$6*MAX(0,MIN(1,($W$6-M82)/($W$6-$V$6)))+$U$7*MAX(0,MIN(1,($W$7-N82)/($W$7-$V$7)))+$U$8*IF(AND(O82>=$V$8,O82<=$W$8),1,0))/$U$9*100,2) -> 96.5 | C82: sub-230 | D82: ses-1 | E82: EyesClosed | F82: post | G82: USABLE | H82: PASS | I82: 0 | J82: 0 | K82: 0 | L82: 0.79 | M82: 14.99 | N82: 0.24 | O82: 228 | P82: 7.2
A83: =IF(G83="REJECT",COUNTIF($G$2:$G$2277,"<>REJECT")+1+COUNTIFS($G$2:$G$2277,"REJECT",$B$2:$B$2277,">"&B83),1+COUNTIFS($G$2:$G$2277,"<>REJECT",$B$2:$B$2277,">"&B83)) -> 81 | B83: =ROUND(($U$2*MAX(0,MIN(1,($W$2-I83)/($W$2-$V$2)))+$U$3*MAX(0,MIN(1,($W$3-J83)/($W$3-$V$3)))+$U$4*MAX(0,MIN(1,($W$4-K83)/($W$4-$V$4)))+$U$5*MAX(0,MIN(1,($W$5-L83)/($W$5-$V$5)))+$U$6*MAX(0,MIN(1,($W$6-M83)/($W$6-$V$6)))+$U$7*MAX(0,MIN(1,($W$7-N83)/($W$7-$V$7)))+$U$8*IF(AND(O83>=$V$8,O83<=$W$8),1,0))/$U$9*100,2) -> 96.5 | C83: sub-309 | D83: ses-1 | E83: EyesOpen | F83: post | G83: USABLE_WITH_FLAGS | H83: FLAG | I83: 0 | J83: 0 | K83: 0 | L83: 0.77 | M83: 7.39 | N83: 0.28 | O83: 185 | P83: -0.87 | R83: WEAK_ALPHA_BLOCKING
A84: =IF(G84="REJECT",COUNTIF($G$2:$G$2277,"<>REJECT")+1+COUNTIFS($G$2:$G$2277,"REJECT",$B$2:$B$2277,">"&B84),1+COUNTIFS($G$2:$G$2277,"<>REJECT",$B$2:$B$2277,">"&B84)) -> 83 | B84: =ROUND(($U$2*MAX(0,MIN(1,($W$2-I84)/($W$2-$V$2)))+$U$3*MAX(0,MIN(1,($W$3-J84)/($W$3-$V$3)))+$U$4*MAX(0,MIN(1,($W$4-K84)/($W$4-$V$4)))+$U$5*MAX(0,MIN(1,($W$5-L84)/($W$5-$V$5)))+$U$6*MAX(0,MIN(1,($W$6-M84)/($W$6-$V$6)))+$U$7*MAX(0,MIN(1,($W$7-N84)/($W$7-$V$7)))+$U$8*IF(AND(O84>=$V$8,O84<=$W$8),1,0))/$U$9*100,2) -> 96.46 | C84: sub-414 | D84: ses-1 | E84: EyesClosed | F84: post | G84: USABLE_WITH_FLAGS | H84: FLAG | I84: 0 | J84: 0 | K84: 0 | L84: 0.78 | M84: 12.05 | N84: 0.2 | O84: 189 | P84: 7.32 | R84: WEAK_ALPHA_BLOCKING
A85: =IF(G85="REJECT",COUNTIF($G$2:$G$2277,"<>REJECT")+1+COUNTIFS($G$2:$G$2277,"REJECT",$B$2:$B$2277,">"&B85),1+COUNTIFS($G$2:$G$2277,"<>REJECT",$B$2:$B$2277,">"&B85)) -> 84 | B85: =ROUND(($U$2*MAX(0,MIN(1,($W$2-I85)/($W$2-$V$2)))+$U$3*MAX(0,MIN(1,($W$3-J85)/($W$3-$V$3)))+$U$4*MAX(0,MIN(1,($W$4-K85)/($W$4-$V$4)))+$U$5*MAX(0,MIN(1,($W$5-L85)/($W$5-$V$5)))+$U$6*MAX(0,MIN(1,($W$6-M85)/($W$6-$V$6)))+$U$7*MAX(0,MIN(1,($W$7-N85)/($W$7-$V$7)))+$U$8*IF(AND(O85>=$V$8,O85<=$W$8),1,0))/$U$9*100,2) -> 96.45 | C85: sub-410 | D85: ses-1 | E85: EyesClosed | F85: post | G85: USABLE | H85: PASS | I85: 0 | J85: 0 | K85: 0 | L85: 0.77 | M85: 3.29 | N85: 0.72 | O85: 184 | P85: 3.18
A86: =IF(G86="REJECT",COUNTIF($G$2:$G$2277,"<>REJECT")+1+COUNTIFS($G$2:$G$2277,"REJECT",$B$2:$B$2277,">"&B86),1+COUNTIFS($G$2:$G$2277,"<>REJECT",$B$2:$B$2277,">"&B86)) -> 85 | B86: =ROUND(($U$2*MAX(0,MIN(1,($W$2-I86)/($W$2-$V$2)))+$U$3*MAX(0,MIN(1,($W$3-J86)/($W$3-$V$3)))+$U$4*MAX(0,MIN(1,($W$4-K86)/($W$4-$V$4)))+$U$5*MAX(0,MIN(1,($W$5-L86)/($W$5-$V$5)))+$U$6*MAX(0,MIN(1,($W$6-M86)/($W$6-$V$6)))+$U$7*MAX(0,MIN(1,($W$7-N86)/($W$7-$V$7)))+$U$8*IF(AND(O86>=$V$8,O86<=$W$8),1,0))/$U$9*100,2) -> 96.43 | C86: sub-445 | D86: ses-1 | E86: EyesClosed | F86: pre | G86: USABLE | H86: PASS | I86: 0 | J86: 0 | K86: 0 | L86: 0.79 | M86: 12.23 | N86: 0.56 | O86: 187 | P86: 6.81
A87: =IF(G87="REJECT",COUNTIF($G$2:$G$2277,"<>REJECT")+1+COUNTIFS($G$2:$G$2277,"REJECT",$B$2:$B$2277,">"&B87),1+COUNTIFS($G$2:$G$2277,"<>REJECT",$B$2:$B$2277,">"&B87)) -> 86 | B87: =ROUND(($U$2*MAX(0,MIN(1,($W$2-I87)/($W$2-$V$2)))+$U$3*MAX(0,MIN(1,($W$3-J87)/($W$3-$V$3)))+$U$4*MAX(0,MIN(1,($W$4-K87)/($W$4-$V$4)))+$U$5*MAX(0,MIN(1,($W$5-L87)/($W$5-$V$5)))+$U$6*MAX(0,MIN(1,($W$6-M87)/($W$6-$V$6)))+$U$7*MAX(0,MIN(1,($W$7-N87)/($W$7-$V$7)))+$U$8*IF(AND(O87>=$V$8,O87<=$W$8),1,0))/$U$9*100,2) -> 96.42 | C87: sub-147 | D87: ses-2 | E87: EyesClosed | F87: post | G87: USABLE_WITH_FLAGS | H87: FLAG | I87: 0 | J87: 0 | K87: 0 | L87: 0.79 | M87: 9.46 | N87: 0.84 | O87: 182 | P87: 0.77 | R87: LOW_ALPHA_PROMINENCE
A88: =IF(G88="REJECT",COUNTIF($G$2:$G$2277,"<>REJECT")+1+COUNTIFS($G$2:$G$2277,"REJECT",$B$2:$B$2277,">"&B88),1+COUNTIFS($G$2:$G$2277,"<>REJECT",$B$2:$B$2277,">"&B88)) -> 86 | B88: =ROUND(($U$2*MAX(0,MIN(1,($W$2-I88)/($W$2-$V$2)))+$U$3*MAX(0,MIN(1,($W$3-J88)/($W$3-$V$3)))+$U$4*MAX(0,MIN(1,($W$4-K88)/($W$4-$V$4)))+$U$5*MAX(0,MIN(1,($W$5-L88)/($W$5-$V$5)))+$U$6*MAX(0,MIN(1,($W$6-M88)/($W$6-$V$6)))+$U$7*MAX(0,MIN(1,($W$7-N88)/($W$7-$V$7)))+$U$8*IF(AND(O88>=$V$8,O88<=$W$8),1,0))/$U$9*100,2) -> 96.42 | C88: sub-255 | D88: ses-1 | E88: EyesClosed | F88: post | G88: USABLE_WITH_FLAGS | H88: FLAG | I88: 0 | J88: 0 | K88: 0 | L88: 0.78 | M88: 6.71 | N88: 0.76 | O88: 184 | P88: 0.94 | R88: LOW_ALPHA_PROMINENCE
A89: =IF(G89="REJECT",COUNTIF($G$2:$G$2277,"<>REJECT")+1+COUNTIFS($G$2:$G$2277,"REJECT",$B$2:$B$2277,">"&B89),1+COUNTIFS($G$2:$G$2277,"<>REJECT",$B$2:$B$2277,">"&B89)) -> 88 | B89: =ROUND(($U$2*MAX(0,MIN(1,($W$2-I89)/($W$2-$V$2)))+$U$3*MAX(0,MIN(1,($W$3-J89)/($W$3-$V$3)))+$U$4*MAX(0,MIN(1,($W$4-K89)/($W$4-$V$4)))+$U$5*MAX(0,MIN(1,($W$5-L89)/($W$5-$V$5)))+$U$6*MAX(0,MIN(1,($W$6-M89)/($W$6-$V$6)))+$U$7*MAX(0,MIN(1,($W$7-N89)/($W$7-$V$7)))+$U$8*IF(AND(O89>=$V$8,O89<=$W$8),1,0))/$U$9*100,2) -> 96.41 | C89: sub-507 | D89: ses-1 | E89: EyesOpen | F89: pre | G89: USABLE_WITH_FLAGS | H89: FLAG | I89: 0 | J89: 0 | K89: 0 | L89: 0.88 | M89: 14.72 | N89: 0.68 | O89: 184 | P89: 3.18 | R89: WEAK_ALPHA_BLOCKING
A90: =IF(G90="REJECT",COUNTIF($G$2:$G$2277,"<>REJECT")+1+COUNTIFS($G$2:$G$2277,"REJECT",$B$2:$B$2277,">"&B90),1+COUNTIFS($G$2:$G$2277,"<>REJECT",$B$2:$B$2277,">"&B90)) -> 89 | B90: =ROUND(($U$2*MAX(0,MIN(1,($W$2-I90)/($W$2-$V$2)))+$U$3*MAX(0,MIN(1,($W$3-J90)/($W$3-$V$3)))+$U$4*MAX(0,MIN(1,($W$4-K90)/($W$4-$V$4)))+$U$5*MAX(0,MIN(1,($W$5-L90)/($W$5-$V$5)))+$U$6*MAX(0,MIN(1,($W$6-M90)/($W$6-$V$6)))+$U$7*MAX(0,MIN(1,($W$7-N90)/($W$7-$V$7)))+$U$8*IF(AND(O90>=$V$8,O90<=$W$8),1,0))/$U$9*100,2) -> 96.36 | C90: sub-307 | D90: ses-1 | E90: EyesOpen | F90: pre | G90: USABLE_WITH_FLAGS | H90: FLAG | I90: 0 | J90: 0 | K90: 0 | L90: 0.81 | M90: 13.02 | N90: 0.88 | O90: 190 | P90: 5.76 | R90: WEAK_ALPHA_BLOCKING
A91: =IF(G91="REJECT",COUNTIF($G$2:$G$2277,"<>REJECT")+1+COUNTIFS($G$2:$G$2277,"REJECT",$B$2:$B$2277,">"&B91),1+COUNTIFS($G$2:$G$2277,"<>REJECT",$B$2:$B$2277,">"&B91)) -> 90 | B91: =ROUND(($U$2*MAX(0,MIN(1,($W$2-I91)/($W$2-$V$2)))+$U$3*MAX(0,MIN(1,($W$3-J91)/($W$3-$V$3)))+$U$4*MAX(0,MIN(1,($W$4-K91)/($W$4-$V$4)))+$U$5*MAX(0,MIN(1,($W$5-L91)/($W$5-$V$5)))+$U$6*MAX(0,MIN(1,($W$6-M91)/($W$6-$V$6)))+$U$7*MAX(0,MIN(1,($W$7-N91)/($W$7-$V$7)))+$U$8*IF(AND(O91>=$V$8,O91<=$W$8),1,0))/$U$9*100,2) -> 96.33 | C91: sub-269 | D91: ses-1 | E91: EyesOpen | F91: post | G91: USABLE_WITH_FLAGS | H91: FLAG | I91: 0 | J91: 0 | K91: 0 | L91: 0.78 | M91: 9.21 | N91: 0.56 | O91: 184 | P91: 2.07 | R91: WEAK_ALPHA_BLOCKING
A92: =IF(G92="REJECT",COUNTIF($G$2:$G$2277,"<>REJECT")+1+COUNTIFS($G$2:$G$2277,"REJECT",$B$2:$B$2277,">"&B92),1+COUNTIFS($G$2:$G$2277,"<>REJECT",$B$2:$B$2277,">"&B92)) -> 91 | B92: =ROUND(($U$2*MAX(0,MIN(1,($W$2-I92)/($W$2-$V$2)))+$U$3*MAX(0,MIN(1,($W$3-J92)/($W$3-$V$3)))+$U$4*MAX(0,MIN(1,($W$4-K92)/($W$4-$V$4)))+$U$5*MAX(0,MIN(1,($W$5-L92)/($W$5-$V$5)))+$U$6*MAX(0,MIN(1,($W$6-M92)/($W$6-$V$6)))+$U$7*MAX(0,MIN(1,($W$7-N92)/($W$7-$V$7)))+$U$8*IF(AND(O92>=$V$8,O92<=$W$8),1,0))/$U$9*100,2) -> 96.31 | C92: sub-443 | D92: ses-1 | E92: EyesOpen | F92: pre | G92: USABLE | H92: PASS | I92: 0 | J92: 0 | K92: 0 | L92: 0.78 | M92: 6.56 | N92: 0.84 | O92: 187 | P92: 0.39
A93: =IF(G93="REJECT",COUNTIF($G$2:$G$2277,"<>REJECT")+1+COUNTIFS($G$2:$G$2277,"REJECT",$B$2:$B$2277,">"&B93),1+COUNTIFS($G$2:$G$2277,"<>REJECT",$B$2:$B$2277,">"&B93)) -> 92 | B93: =ROUND(($U$2*MAX(0,MIN(1,($W$2-I93)/($W$2-$V$2)))+$U$3*MAX(0,MIN(1,($W$3-J93)/($W$3-$V$3)))+$U$4*MAX(0,MIN(1,($W$4-K93)/($W$4-$V$4)))+$U$5*MAX(0,MIN(1,($W$5-L93)/($W$5-$V$5)))+$U$6*MAX(0,MIN(1,($W$6-M93)/($W$6-$V$6)))+$U$7*MAX(0,MIN(1,($W$7-N93)/($W$7-$V$7)))+$U$8*IF(AND(O93>=$V$8,O93<=$W$8),1,0))/$U$9*100,2) -> 96.3 | C93: sub-172 | D93: ses-1 | E93: EyesClosed | F93: post | G93: USABLE_WITH_FLAGS | H93: FLAG | I93: 0 | J93: 0 | K93: 0 | L93: 0.77 | M93: 5.42 | N93: 0.6 | O93: 196 | P93: -0.52 | R93: LOW_ALPHA_PROMINENCE
A94: =IF(G94="REJECT",COUNTIF($G$2:$G$2277,"<>REJECT")+1+COUNTIFS($G$2:$G$2277,"REJECT",$B$2:$B$2277,">"&B94),1+COUNTIFS($G$2:$G$2277,"<>REJECT",$B$2:$B$2277,">"&B94)) -> 93 | B94: =ROUND(($U$2*MAX(0,MIN(1,($W$2-I94)/($W$2-$V$2)))+$U$3*MAX(0,MIN(1,($W$3-J94)/($W$3-$V$3)))+$U$4*MAX(0,MIN(1,($W$4-K94)/($W$4-$V$4)))+$U$5*MAX(0,MIN(1,($W$5-L94)/($W$5-$V$5)))+$U$6*MAX(0,MIN(1,($W$6-M94)/($W$6-$V$6)))+$U$7*MAX(0,MIN(1,($W$7-N94)/($W$7-$V$7)))+$U$8*IF(AND(O94>=$V$8,O94<=$W$8),1,0))/$U$9*100,2) -> 96.28 | C94: sub-018 | D94: ses-1 | E94: EyesClosed | F94: post | G94: USABLE_WITH_FLAGS | H94: FLAG | I94: 0 | J94: 0 | K94: 0 | L94: 0.78 | M94: 10.3 | N94: 0.48 | O94: 192 | P94: 3 | R94: LOW_ALPHA_PROMINENCE; WEAK_ALPHA_BLOCKING
A95: =IF(G95="REJECT",COUNTIF($G$2:$G$2277,"<>REJECT")+1+COUNTIFS($G$2:$G$2277,"REJECT",$B$2:$B$2277,">"&B95),1+COUNTIFS($G$2:$G$2277,"<>REJECT",$B$2:$B$2277,">"&B95)) -> 94 | B95: =ROUND(($U$2*MAX(0,MIN(1,($W$2-I95)/($W$2-$V$2)))+$U$3*MAX(0,MIN(1,($W$3-J95)/($W$3-$V$3)))+$U$4*MAX(0,MIN(1,($W$4-K95)/($W$4-$V$4)))+$U$5*MAX(0,MIN(1,($W$5-L95)/($W$5-$V$5)))+$U$6*MAX(0,MIN(1,($W$6-M95)/($W$6-$V$6)))+$U$7*MAX(0,MIN(1,($W$7-N95)/($W$7-$V$7)))+$U$8*IF(AND(O95>=$V$8,O95<=$W$8),1,0))/$U$9*100,2) -> 96.25 | C95: sub-181 | D95: ses-1 | E95: EyesOpen | F95: post | G95: USABLE_WITH_FLAGS | H95: FLAG | I95: 0 | J95: 0 | K95: 0 | L95: 0.8 | M95: 18.1 | N95: 0.44 | O95: 186 | P95: -0.79 | R95: WEAK_ALPHA_BLOCKING
A96: =IF(G96="REJECT",COUNTIF($G$2:$G$2277,"<>REJECT")+1+COUNTIFS($G$2:$G$2277,"REJECT",$B$2:$B$2277,">"&B96),1+COUNTIFS($G$2:$G$2277,"<>REJECT",$B$2:$B$2277,">"&B96)) -> 94 | B96: =ROUND(($U$2*MAX(0,MIN(1,($W$2-I96)/($W$2-$V$2)))+$U$3*MAX(0,MIN(1,($W$3-J96)/($W$3-$V$3)))+$U$4*MAX(0,MIN(1,($W$4-K96)/($W$4-$V$4)))+$U$5*MAX(0,MIN(1,($W$5-L96)/($W$5-$V$5)))+$U$6*MAX(0,MIN(1,($W$6-M96)/($W$6-$V$6)))+$U$7*MAX(0,MIN(1,($W$7-N96)/($W$7-$V$7)))+$U$8*IF(AND(O96>=$V$8,O96<=$W$8),1,0))/$U$9*100,2) -> 96.25 | C96: sub-529 | D96: ses-1 | E96: EyesClosed | F96: post | G96: USABLE_WITH_FLAGS | H96: FLAG | I96: 0 | J96: 0 | K96: 0 | L96: 0.8 | M96: 22.51 | N96: 0 | O96: 189 | P96: 11.36 | R96: LINE_NOISE
A97: =IF(G97="REJECT",COUNTIF($G$2:$G$2277,"<>REJECT")+1+COUNTIFS($G$2:$G$2277,"REJECT",$B$2:$B$2277,">"&B97),1+COUNTIFS($G$2:$G$2277,"<>REJECT",$B$2:$B$2277,">"&B97)) -> 96 | B97: =ROUND(($U$2*MAX(0,MIN(1,($W$2-I97)/($W$2-$V$2)))+$U$3*MAX(0,MIN(1,($W$3-J97)/($W$3-$V$3)))+$U$4*MAX(0,MIN(1,($W$4-K97)/($W$4-$V$4)))+$U$5*MAX(0,MIN(1,($W$5-L97)/($W$5-$V$5)))+$U$6*MAX(0,MIN(1,($W$6-M97)/($W$6-$V$6)))+$U$7*MAX(0,MIN(1,($W$7-N97)/($W$7-$V$7)))+$U$8*IF(AND(O97>=$V$8,O97<=$W$8),1,0))/$U$9*100,2) -> 96.22 | C97: sub-423 | D97: ses-2 | E97: EyesOpen | F97: pre | G97: USABLE | H97: PASS | I97: 0 | J97: 0 | K97: 0 | L97: 0.84 | M97: 17.9 | N97: 0.48 | O97: 184 | P97: 3.79
A98: =IF(G98="REJECT",COUNTIF($G$2:$G$2277,"<>REJECT")+1+COUNTIFS($G$2:$G$2277,"REJECT",$B$2:$B$2277,">"&B98),1+COUNTIFS($G$2:$G$2277,"<>REJECT",$B$2:$B$2277,">"&B98)) -> 97 | B98: =ROUND(($U$2*MAX(0,MIN(1,($W$2-I98)/($W$2-$V$2)))+$U$3*MAX(0,MIN(1,($W$3-J98)/($W$3-$V$3)))+$U$4*MAX(0,MIN(1,($W$4-K98)/($W$4-$V$4)))+$U$5*MAX(0,MIN(1,($W$5-L98)/($W$5-$V$5)))+$U$6*MAX(0,MIN(1,($W$6-M98)/($W$6-$V$6)))+$U$7*MAX(0,MIN(1,($W$7-N98)/($W$7-$V$7)))+$U$8*IF(AND(O98>=$V$8,O98<=$W$8),1,0))/$U$9*100,2) -> 96.21 | C98: sub-160 | D98: ses-2 | E98: EyesClosed | F98: pre | G98: USABLE | H98: PASS | I98: 0 | J98: 0 | K98: 0 | L98: 0.79 | M98: 19.12 | N98: 0 | O98: 187 | P98: 3.62
A99: =IF(G99="REJECT",COUNTIF($G$2:$G$2277,"<>REJECT")+1+COUNTIFS($G$2:$G$2277,"REJECT",$B$2:$B$2277,">"&B99),1+COUNTIFS($G$2:$G$2277,"<>REJECT",$B$2:$B$2277,">"&B99)) -> 98 | B99: =ROUND(($U$2*MAX(0,MIN(1,($W$2-I99)/($W$2-$V$2)))+$U$3*MAX(0,MIN(1,($W$3-J99)/($W$3-$V$3)))+$U$4*MAX(0,MIN(1,($W$4-K99)/($W$4-$V$4)))+$U$5*MAX(0,MIN(1,($W$5-L99)/($W$5-$V$5)))+$U$6*MAX(0,MIN(1,($W$6-M99)/($W$6-$V$6)))+$U$7*MAX(0,MIN(1,($W$7-N99)/($W$7-$V$7)))+$U$8*IF(AND(O99>=$V$8,O99<=$W$8),1,0))/$U$9*100,2) -> 96.18 | C99: sub-414 | D99: ses-1 | E99: EyesOpen | F99: pre | G99: USABLE | H99: PASS | I99: 0 | J99: 0 | K99: 0 | L99: 0.79 | M99: 9.71 | N99: 0.96 | O99: 183 | P99: -0.93
A100: =IF(G100="REJECT",COUNTIF($G$2:$G$2277,"<>REJECT")+1+COUNTIFS($G$2:$G$2277,"REJECT",$B$2:$B$2277,">"&B100),1+COUNTIFS($G$2:$G$2277,"<>REJECT",$B$2:$B$2277,">"&B100)) -> 99 | B100: =ROUND(($U$2*MAX(0,MIN(1,($W$2-I100)/($W$2-$V$2)))+$U$3*MAX(0,MIN(1,($W$3-J100)/($W$3-$V$3)))+$U$4*MAX(0,MIN(1,($W$4-K100)/($W$4-$V$4)))+$U$5*MAX(0,MIN(1,($W$5-L100)/($W$5-$V$5)))+$U$6*MAX(0,MIN(1,($W$6-M100)/($W$6-$V$6)))+$U$7*MAX(0,MIN(1,($W$7-N100)/($W$7-$V$7)))+$U$8*IF(AND(O100>=$V$8,O100<=$W$8),1,0))/$U$9*100,2) -> 96.17 | C100: sub-038 | D100: ses-1 | E100: EyesClosed | F100: post | G100: USABLE_WITH_FLAGS | H100: FLAG | I100: 0 | J100: 0 | K100: 0 | L100: 0.78 | M100: 7.8 | N100: 0.8 | O100: 183 | P100: 0.14 | R100: LOW_ALPHA_PROMINENCE; WEAK_ALPHA_BLOCKING
...

Sheet Recordings
A1: subject | B1: session | C1: task | D1: acq | E1: overall | F1: label | G1: codes | H1: verdict_header | I1: verdict_integrity | J1: verdict_amplitude | K1: verdict_spectral | L1: verdict_consistency | M1: duration_s | N1: n_bad_channels | O1: bad_channels | P1: bad_detail | Q1: n_critical_bad | R1: critical_bad_channels | S1: n_uncorrelated | T1: uncorrelated_channels | U1: interpolation_needed | V1: median_spatial_corr | W1: frozen_s | X1: typical_amp_uv | Y1: median_kurtosis | Z1: alpha_peak_hz | AA1: alpha_prom_db | AB1: alpha_ratio_EC_EO | AC1: alpha_non_responder_possible | AD1: line50_db | AE1: line100_db | AF1: line150_db | AG1: notch_suggested | AH1: trigger_events | AI1: load_error
A2: sub-001 | B2: ses-1 | C2: EyesClosed | D2: pre | E2: FLAG | F2: USABLE_WITH_FLAGS | G2: LINE_NOISE | H2: PASS | I2: PASS | J2: PASS | K2: FLAG | L2: PASS | M2: 184 | N2: 0 | Q2: 0 | S2: 0 | U2: =FALSE() -> FALSE | V2: 0.66 | W2: 0 | X2: 8.57 | Y2: 694.82 | Z2: 10 | AA2: 15.44 | AB2: 2.67 | AC2: =FALSE() -> FALSE | AD2: 29.18 | AE2: 17.78 | AF2: 26.91 | AG2: =TRUE() -> TRUE | AH2: 1
A3: sub-001 | B3: ses-1 | C3: EyesClosed | D3: post | E3: FLAG | F3: USABLE_NEEDS_INTERPOLATION | G3: LINE_NOISE; USABLE_NEEDS_INTERPOLATION | H3: PASS | I3: PASS | J3: PASS | K3: FLAG | L3: PASS | M3: 193 | N3: 1 | O3: FC1 | P3: FC1 (uncorrelated) | Q3: 0 | S3: 1 | T3: FC1 | U3: =TRUE() -> TRUE | V3: 0.66 | W3: 0.96 | X3: 9.49 | Y3: 334.03 | Z3: 10 | AA3: 14.77 | AB3: 5.34 | AC3: =FALSE() -> FALSE | AD3: 24.87 | AE3: 13.58 | AF3: 23.62 | AG3: =TRUE() -> TRUE | AH3: 1
A4: sub-001 | B4: ses-1 | C4: EyesOpen | D4: pre | E4: FAIL | F4: REJECT | G4: CRITICAL_CHANNEL_BAD; LINE_NOISE; TOO_MANY_BAD_CHANNELS | H4: PASS | I4: FAIL | J4: PASS | K4: FLAG | L4: PASS | M4: 184 | N4: 13 | O4: Fp1, Fp2, F3, Fz, F4, AF7, AF3, AF4, AF8, F5, F1, F2, F6 | P4: Fp1 (uncorrelated), Fp2 (uncorrelated), F3 (uncorrelated), Fz (uncorrelated), F4 (uncorrelated), AF7 (uncorrelated), AF3 (uncorrelated), AF4 (uncorrelated), AF8 (uncorrelated), F5 (uncorrelated), F1 (uncorrelated), F2 (uncorrelated), F6 (uncorrelated) | Q4: 1 | R4: Fz | S4: 13 | T4: Fp1, Fp2, F3, Fz, F4, AF7, AF3, AF4, AF8, F5, F1, F2, F6 | U4: =FALSE() -> FALSE | V4: 0.78 | W4: 0.64 | X4: 8.93 | Y4: 316.97 | Z4: 8 | AA4: -0.65 | AB4: 2.67 | AC4: =FALSE() -> FALSE | AD4: 23.15 | AE4: 11.65 | AF4: 21.94 | AG4: =TRUE() -> TRUE | AH4: 1
A5: sub-001 | B5: ses-1 | C5: EyesOpen | D5: post | E5: FAIL | F5: REJECT | G5: CRITICAL_CHANNEL_BAD; LINE_NOISE; TOO_MANY_BAD_CHANNELS | H5: PASS | I5: FAIL | J5: PASS | K5: FLAG | L5: PASS | M5: 185 | N5: 12 | O5: F3, Fz, F4, FC1, AF7, AF3, AF4, AF8, F5, F1, F2, F6 | P5: F3 (uncorrelated), Fz (uncorrelated), F4 (uncorrelated), FC1 (uncorrelated), AF7 (uncorrelated), AF3 (uncorrelated), AF4 (uncorrelated), AF8 (uncorrelated), F5 (uncorrelated), F1 (uncorrelated), F2 (uncorrelated), F6 (uncorrelated) | Q5: 1 | R5: Fz | S5: 12 | T5: F3, Fz, F4, FC1, AF7, AF3, AF4, AF8, F5, F1, F2, F6 | U5: =FALSE() -> FALSE | V5: 0.73 | W5: 0.84 | X5: 9.49 | Y5: 324.1 | Z5: 10.75 | AA5: 3.9 | AB5: 5.34 | AC5: =FALSE() -> FALSE | AD5: 23.78 | AE5: 10.85 | AF5: 22.18 | AG5: =TRUE() -> TRUE | AH5: 1
A6: sub-001 | B6: ses-2 | C6: EyesClosed | D6: pre | E6: FLAG | F6: USABLE_WITH_FLAGS | G6: WEAK_ALPHA_BLOCKING | H6: PASS | I6: PASS | J6: PASS | K6: FLAG | L6: PASS | M6: 181 | N6: 0 | Q6: 0 | S6: 0 | U6: =FALSE() -> FALSE | V6: 0.67 | W6: 0 | X6: 7.76 | Y6: 702.22 | Z6: 10 | AA6: 15.4 | AB6: 0.66 | AC6: =FALSE() -> FALSE | AD6: 8.05 | AE6: 0.63 | AF6: 20.22 | AG6: =FALSE() -> FALSE | AH6: 1
A7: sub-001 | B7: ses-2 | C7: EyesClosed | D7: post | E7: FLAG | F7: USABLE_NEEDS_INTERPOLATION | G7: CRITICAL_CHANNEL_BAD; USABLE_NEEDS_INTERPOLATION | H7: PASS | I7: FLAG | J7: PASS | K7: PASS | L7: PASS | M7: 184 | N7: 2 | O7: FC2, Cz | P7: FC2 (uncorrelated), Cz (uncorrelated) | Q7: 1 | R7: Cz | S7: 2 | T7: FC2, Cz | U7: =TRUE() -> TRUE | V7: 0.66 | W7: 0.36 | X7: 7.87 | Y7: 366.94 | Z7: 10 | AA7: 12.76 | AB7: 2.18 | AC7: =FALSE() -> FALSE | AD7: 3.84 | AE7: 1.9 | AF7: 18.06 | AG7: =FALSE() -> FALSE | AH7: 1
A8: sub-001 | B8: ses-2 | C8: EyesOpen | D8: pre | E8: FLAG | F8: USABLE_NEEDS_INTERPOLATION | G8: USABLE_NEEDS_INTERPOLATION; WEAK_ALPHA_BLOCKING | H8: PASS | I8: PASS | J8: PASS | K8: FLAG | L8: PASS | M8: 192 | N8: 4 | O8: FC1, FC2, F5, F6 | P8: FC1 (uncorrelated), FC2 (uncorrelated), F5 (uncorrelated), F6 (uncorrelated) | Q8: 0 | S8: 4 | T8: FC1, FC2, F5, F6 | U8: =TRUE() -> TRUE | V8: 0.78 | W8: 0.8 | X8: 8.72 | Y8: 334.22 | Z8: 8 | AA8: -1.02 | AB8: 0.66 | AC8: =FALSE() -> FALSE | AD8: 3.83 | AE8: 0.33 | AF8: 11.3 | AG8: =FALSE() -> FALSE | AH8: 1
A9: sub-001 | B9: ses-2 | C9: EyesOpen | D9: post | E9: FAIL | F9: REJECT | G9: CRITICAL_CHANNEL_BAD; TOO_MANY_BAD_CHANNELS | H9: PASS | I9: FAIL | J9: PASS | K9: PASS | L9: PASS | M9: 184 | N9: 12 | O9: Fp1, Fp2, F3, Fz, F4, FC1, AF7, AF3, AF4, AF8, F1, F2 | P9: Fp1 (uncorrelated), Fp2 (uncorrelated), F3 (uncorrelated), Fz (uncorrelated), F4 (uncorrelated), FC1 (uncorrelated), AF7 (uncorrelated), AF3 (uncorrelated), AF4 (uncorrelated), AF8 (uncorrelated), F1 (uncorrelated), F2 (uncorrelated) | Q9: 1 | R9: Fz | S9: 12 | T9: Fp1, Fp2, F3, Fz, F4, FC1, AF7, AF3, AF4, AF8, F1, F2 | U9: =FALSE() -> FALSE | V9: 0.73 | W9: 0 | X9: 9.17 | Y9: 2.53 | Z9: 10.25 | AA9: 7.35 | AB9: 2.18 | AC9: =FALSE() -> FALSE | AD9: 5.79 | AE9: 1.5 | AF9: 16.92 | AG9: =FALSE() -> FALSE | AH9: 0
A10: sub-003 | B10: ses-1 | C10: EyesClosed | D10: pre | E10: FAIL | F10: REJECT | G10: CRITICAL_CHANNEL_BAD; TOO_MANY_BAD_CHANNELS | H10: PASS | I10: FAIL | J10: PASS | K10: PASS | L10: PASS | M10: 218 | N10: 9 | O10: Fp1, Fp2, Fz, F4, AF3, AF4, F1, F2, F6 | P10: Fp1 (uncorrelated), Fp2 (uncorrelated), Fz (uncorrelated), F4 (uncorrelated), AF3 (uncorrelated), AF4 (uncorrelated), F1 (uncorrelated), F2 (uncorrelated), F6 (uncorrelated) | Q10: 1 | R10: Fz | S10: 9 | T10: Fp1, Fp2, Fz, F4, AF3, AF4, F1, F2, F6 | U10: =FALSE() -> FALSE | V10: 0.71 | W10: 0.24 | X10: 4.75 | Y10: 558.5 | Z10: 11.25 | AA10: 7.93 | AB10: 7.96 | AC10: =FALSE() -> FALSE | AD10: 15.22 | AE10: 1.57 | AF10: 3.81 | AG10: =TRUE() -> TRUE | AH10: 1
A11: sub-003 | B11: ses-1 | C11: EyesClosed | D11: post | E11: FAIL | F11: REJECT | G11: CRITICAL_CHANNEL_BAD; TOO_MANY_BAD_CHANNELS | H11: PASS | I11: FAIL | J11: PASS | K11: PASS | L11: PASS | M11: 187 | N11: 9 | O11: Fp1, Fp2, Fz, F4, AF3, AF4, F1, F2, F6 | P11: Fp1 (uncorrelated), Fp2 (uncorrelated), Fz (uncorrelated), F4 (uncorrelated), AF3 (uncorrelated), AF4 (uncorrelated), F1 (uncorrelated), F2 (uncorrelated), F6 (uncorrelated) | Q11: 1 | R11: Fz | S11: 9 | T11: Fp1, Fp2, Fz, F4, AF3, AF4, F1, F2, F6 | U11: =FALSE() -> FALSE | V11: 0.71 | W11: 0.64 | X11: 4.92 | Y11: 328.09 | Z11: 10.75 | AA11: 13.68 | AB11: 7.6 | AC11: =FALSE() -> FALSE | AD11: 17.36 | AE11: 1.66 | AF11: 3.05 | AG11: =TRUE() -> TRUE | AH11: 1
A12: sub-003 | B12: ses-1 | C12: EyesOpen | D12: pre | E12: PASS | F12: USABLE_NEEDS_INTERPOLATION | G12: USABLE_NEEDS_INTERPOLATION | H12: PASS | I12: PASS | J12: PASS | K12: PASS | L12: PASS | M12: 185 | N12: 3 | O12: FC2, FC6, FC4 | P12: FC2 (uncorrelated), FC6 (uncorrelated), FC4 (uncorrelated) | Q12: 0 | S12: 3 | T12: FC2, FC6, FC4 | U12: =TRUE() -> TRUE | V12: 0.87 | W12: 0.8 | X12: 5.25 | Y12: 324.64 | Z12: 8 | AA12: -1.22 | AB12: 7.96 | AC12: =FALSE() -> FALSE | AD12: 19.01 | AE12: 1.66 | AF12: 6.14 | AG12: =TRUE() -> TRUE | AH12: 1
A13: sub-003 | B13: ses-1 | C13: EyesOpen | D13: post | E13: PASS | F13: USABLE | H13: PASS | I13: PASS | J13: PASS | K13: PASS | L13: PASS | M13: 187 | N13: 0 | Q13: 0 | S13: 0 | U13: =FALSE() -> FALSE | V13: 0.87 | W13: 0.64 | X13: 6.31 | Y13: 326.93 | Z13: 8 | AA13: -0.51 | AB13: 7.6 | AC13: =FALSE() -> FALSE | AD13: 10.89 | AE13: 0.73 | AF13: -0.27 | AG13: =TRUE() -> TRUE | AH13: 1
A14: sub-004 | B14: ses-1 | C14: EyesClosed | D14: pre | E14: FLAG | F14: USABLE_WITH_FLAGS | G14: LINE_NOISE; WEAK_ALPHA_BLOCKING | H14: PASS | I14: PASS | J14: PASS | K14: FLAG | L14: PASS | M14: 184 | N14: 0 | Q14: 0 | S14: 0 | U14: =FALSE() -> FALSE | V14: 0.76 | W14: 0.72 | X14: 9.72 | Y14: 307.69 | Z14: 10.5 | AA14: 15.18 | AB14: 1.25 | AC14: =FALSE() -> FALSE | AD14: 28.07 | AE14: 19.29 | AF14: 23.74 | AG14: =TRUE() -> TRUE | AH14: 1
A15: sub-004 | B15: ses-1 | C15: EyesClosed | D15: post | E15: PASS | F15: USABLE | H15: PASS | I15: PASS | J15: PASS | K15: PASS | L15: PASS | M15: 185 | N15: 0 | Q15: 0 | S15: 0 | U15: =FALSE() -> FALSE | V15: 0.71 | W15: 0.36 | X15: 7.38 | Y15: 381.92 | Z15: 10.5 | AA15: 23.16 | AB15: 25.12 | AC15: =FALSE() -> FALSE | AD15: 9.66 | AE15: 0.67 | AF15: 5.45 | AG15: =FALSE() -> FALSE | AH15: 1
A16: sub-004 | B16: ses-1 | C16: EyesOpen | D16: pre | E16: FLAG | F16: USABLE_NEEDS_INTERPOLATION | G16: USABLE_NEEDS_INTERPOLATION; WEAK_ALPHA_BLOCKING | H16: PASS | I16: PASS | J16: PASS | K16: FLAG | L16: PASS | M16: 230 | N16: 2 | O16: FC6, FC4 | P16: FC6 (uncorrelated), FC4 (uncorrelated) | Q16: 0 | S16: 2 | T16: FC6, FC4 | U16: =TRUE() -> TRUE | V16: 0.76 | W16: 0.96 | X16: 9.91 | Y16: 391.83 | Z16: 8 | AA16: -1.18 | AB16: 1.25 | AC16: =FALSE() -> FALSE | AD16: 3.45 | AE16: 0.92 | AF16: 0.1 | AG16: =FALSE() -> FALSE | AH16: 1
A17: sub-004 | B17: ses-1 | C17: EyesOpen | D17: post | E17: PASS | F17: USABLE_NEEDS_INTERPOLATION | G17: USABLE_NEEDS_INTERPOLATION | H17: PASS | I17: PASS | J17: PASS | K17: PASS | L17: PASS | M17: 187 | N17: 2 | O17: FC6, FC4 | P17: FC6 (uncorrelated), FC4 (uncorrelated) | Q17: 0 | S17: 2 | T17: FC6, FC4 | U17: =TRUE() -> TRUE | V17: 0.75 | W17: 0.28 | X17: 8.89 | Y17: 436.35 | Z17: 10.5 | AA17: 2.11 | AB17: 25.12 | AC17: =FALSE() -> FALSE | AD17: 8.66 | AE17: 0.56 | AF17: 4.61 | AG17: =FALSE() -> FALSE | AH17: 1
A18: sub-006 | B18: ses-1 | C18: EyesClosed | D18: pre | E18: FLAG | F18: USABLE_NEEDS_INTERPOLATION | G18: CRITICAL_CHANNEL_BAD; LINE_NOISE; USABLE_NEEDS_INTERPOLATION; WEAK_ALPHA_BLOCKING | H18: PASS | I18: FLAG | J18: PASS | K18: FLAG | L18: PASS | M18: 183 | N18: 5 | O18: Fz, F4, F1, F2, F6 | P18: Fz (uncorrelated), F4 (uncorrelated), F1 (uncorrelated), F2 (uncorrelated), F6 (uncorrelated) | Q18: 1 | R18: Fz | S18: 5 | T18: Fz, F4, F1, F2, F6 | U18: =TRUE() -> TRUE | V18: 0.73 | W18: 0.36 | X18: 6.96 | Y18: 369.24 | Z18: 8.25 | AA18: 11.32 | AB18: 1.15 | AC18: =FALSE() -> FALSE | AD18: 21.59 | AE18: 10.55 | AF18: 18.77 | AG18: =TRUE() -> TRUE | AH18: 1
A19: sub-006 | B19: ses-1 | C19: EyesClosed | D19: post | E19: FLAG | F19: USABLE_NEEDS_INTERPOLATION | G19: CRITICAL_CHANNEL_BAD; LINE_NOISE; USABLE_NEEDS_INTERPOLATION; WEAK_ALPHA_BLOCKING | H19: PASS | I19: FLAG | J19: PASS | K19: FLAG | L19: PASS | M19: 187 | N19: 2 | O19: Fz, F1 | P19: Fz (uncorrelated), F1 (uncorrelated) | Q19: 1 | R19: Fz | S19: 2 | T19: Fz, F1 | U19: =TRUE() -> TRUE | V19: 0.76 | W19: 0.36 | X19: 7.81 | Y19: 384.72 | Z19: 8 | AA19: 7.36 | AB19: 1.35 | AC19: =FALSE() -> FALSE | AD19: 23.63 | AE19: 9.99 | AF19: 19.15 | AG19: =TRUE() -> TRUE | AH19: 1
A20: sub-006 | B20: ses-1 | C20: EyesOpen | D20: pre | E20: FLAG | F20: USABLE_NEEDS_INTERPOLATION | G20: USABLE_NEEDS_INTERPOLATION; WEAK_ALPHA_BLOCKING | H20: PASS | I20: PASS | J20: PASS | K20: FLAG | L20: PASS | M20: 184 | N20: 4 | O20: F8, FC5, FC1, FC3 | P20: F8 (uncorrelated), FC5 (uncorrelated), FC1 (uncorrelated), FC3 (uncorrelated) | Q20: 0 | S20: 4 | T20: F8, FC5, FC1, FC3 | U20: =TRUE() -> TRUE | V20: 0.79 | W20: 0.64 | X20: 10.05 | Y20: 316.95 | Z20: 8.25 | AA20: 1.09 | AB20: 1.15 | AC20: =FALSE() -> FALSE | AD20: 17.06 | AE20: 7.89 | AF20: 15.5 | AG20: =TRUE() -> TRUE | AH20: 1
A21: sub-006 | B21: ses-1 | C21: EyesOpen | D21: post | E21: FLAG | F21: USABLE_NEEDS_INTERPOLATION | G21: USABLE_NEEDS_INTERPOLATION; WEAK_ALPHA_BLOCKING | H21: PASS | I21: PASS | J21: PASS | K21: FLAG | L21: PASS | M21: 183 | N21: 3 | O21: F7, FC1, AF8 | P21: F7 (uncorrelated), FC1 (uncorrelated), AF8 (uncorrelated) | Q21: 0 | S21: 3 | T21: F7, FC1, AF8 | U21: =TRUE() -> TRUE | V21: 0.78 | W21: 0.48 | X21: 10.43 | Y21: 332.1 | Z21: 8.08 | AA21: 3.69 | AB21: 1.35 | AC21: =FALSE() -> FALSE | AD21: 18.55 | AE21: 5.78 | AF21: 14.61 | AG21: =TRUE() -> TRUE | AH21: 1
A22: sub-007 | B22: ses-1 | C22: EyesClosed | D22: pre | E22: FLAG | F22: USABLE_WITH_FLAGS | G22: LINE_NOISE | H22: PASS | I22: PASS | J22: PASS | K22: FLAG | L22: PASS | M22: 188 | N22: 0 | Q22: 0 | S22: 0 | U22: =FALSE() -> FALSE | V22: 0.77 | W22: 0.16 | X22: 7.23 | Y22: 563.79 | Z22: 10.83 | AA22: 7.98 | AB22: 6.74 | AC22: =FALSE() -> FALSE | AD22: 20.78 | AE22: 12.12 | AF22: 20.98 | AG22: =TRUE() -> TRUE | AH22: 1
A23: sub-007 | B23: ses-1 | C23: EyesClosed | D23: post | E23: FLAG | F23: USABLE_WITH_FLAGS | G23: NO_ALPHA_BLOCKING | H23: PASS | I23: PASS | J23: PASS | K23: FLAG | L23: PASS | M23: 189 | N23: 0 | Q23: 0 | S23: 0 | U23: =FALSE() -> FALSE | V23: 0.78 | W23: 0.36 | X23: 8.31 | Y23: 390.85 | Z23: 11.25 | AA23: 6.12 | AB23: 0.21 | AC23: =FALSE() -> FALSE | AD23: 18.39 | AE23: 0.81 | AF23: 14.99 | AG23: =TRUE() -> TRUE | AH23: 1
A24: sub-007 | B24: ses-1 | C24: EyesOpen | D24: pre | E24: FLAG | F24: USABLE_NEEDS_INTERPOLATION | G24: CRITICAL_CHANNEL_BAD; LINE_NOISE; USABLE_NEEDS_INTERPOLATION | H24: PASS | I24: FLAG | J24: PASS | K24: FLAG | L24: PASS | M24: 184 | N24: 3 | O24: Fz, F2, F6 | P24: Fz (uncorrelated), F2 (uncorrelated), F6 (uncorrelated) | Q24: 1 | R24: Fz | S24: 3 | T24: Fz, F2, F6 | U24: =TRUE() -> TRUE | V24: 0.8 | W24: 0.2 | X24: 7.72 | Y24: 510.12 | Z24: 8 | AA24: -0.96 | AB24: 6.74 | AC24: =FALSE() -> FALSE | AD24: 20.92 | AE24: 11.32 | AF24: 20.51 | AG24: =TRUE() -> TRUE | AH24: 1
A25: sub-007 | B25: ses-1 | C25: EyesOpen | D25: post | E25: FLAG | F25: USABLE_WITH_FLAGS | G25: NO_ALPHA_BLOCKING | H25: PASS | I25: PASS | J25: PASS | K25: FLAG | L25: PASS | M25: 186 | N25: 0 | Q25: 0 | S25: 0 | U25: =FALSE() -> FALSE | V25: 0.79 | W25: 0.64 | X25: 8.01 | Y25: 325.81 | Z25: 8 | AA25: -1.16 | AB25: 0.21 | AC25: =FALSE() -> FALSE | AD25: 6.37 | AE25: 0.01 | AF25: 7.23 | AG25: =FALSE() -> FALSE | AH25: 1
A26: sub-010 | B26: ses-1 | C26: EyesClosed | D26: pre | E26: FLAG | F26: USABLE_NEEDS_INTERPOLATION | G26: CRITICAL_CHANNEL_BAD; LINE_NOISE; USABLE_NEEDS_INTERPOLATION | H26: PASS | I26: FLAG | J26: PASS | K26: FLAG | L26: PASS | M26: 185 | N26: 3 | O26: Fz, F1, F2 | P26: Fz (uncorrelated), F1 (uncorrelated), F2 (uncorrelated) | Q26: 1 | R26: Fz | S26: 3 | T26: Fz, F1, F2 | U26: =TRUE() -> TRUE | V26: 0.73 | W26: 0.96 | X26: 10.25 | Y26: 280.01 | Z26: 10.42 | AA26: 18.73 | AB26: 3.43 | AC26: =FALSE() -> FALSE | AD26: 24.07 | AE26: 14.16 | AF26: 23.41 | AG26: =TRUE() -> TRUE | AH26: 1
A27: sub-010 | B27: ses-1 | C27: EyesClosed | D27: post | E27: FLAG | F27: USABLE_NEEDS_INTERPOLATION | G27: CRITICAL_CHANNEL_BAD; LINE_NOISE; USABLE_NEEDS_INTERPOLATION | H27: PASS | I27: FLAG | J27: PASS | K27: FLAG | L27: PASS | M27: 185 | N27: 3 | O27: Fz, F1, F2 | P27: Fz (uncorrelated), F1 (uncorrelated), F2 (uncorrelated) | Q27: 1 | R27: Fz | S27: 3 | T27: Fz, F1, F2 | U27: =TRUE() -> TRUE | V27: 0.75 | W27: 0.44 | X27: 10.87 | Y27: 344.43 | Z27: 10.25 | AA27: 19.58 | AB27: 2.74 | AC27: =FALSE() -> FALSE | AD27: 23.05 | AE27: 12.31 | AF27: 21.67 | AG27: =TRUE() -> TRUE | AH27: 1
A28: sub-010 | B28: ses-1 | C28: EyesOpen | D28: pre | E28: FLAG | F28: USABLE_NEEDS_INTERPOLATION | G28: LINE_NOISE; USABLE_NEEDS_INTERPOLATION | H28: PASS | I28: PASS | J28: PASS | K28: FLAG | L28: PASS | M28: 184 | N28: 5 | O28: F3, AF3, AF4, F1, F2 | P28: F3 (uncorrelated), AF3 (uncorrelated), AF4 (uncorrelated), F1 (uncorrelated), F2 (uncorrelated) | Q28: 0 | S28: 5 | T28: F3, AF3, AF4, F1, F2 | U28: =TRUE() -> TRUE | V28: 0.74 | W28: 0.48 | X28: 8.01 | Y28: 322.28 | Z28: 10.5 | AA28: 14.32 | AB28: 3.43 | AC28: =FALSE() -> FALSE | AD28: 22.92 | AE28: 13.22 | AF28: 22.49 | AG28: =TRUE() -> TRUE | AH28: 1
A29: sub-010 | B29: ses-1 | C29: EyesOpen | D29: post | E29: FLAG | F29: USABLE_NEEDS_INTERPOLATION | G29: LINE_NOISE; USABLE_NEEDS_INTERPOLATION | H29: PASS | I29: PASS | J29: PASS | K29: FLAG | L29: PASS | M29: 186 | N29: 3 | O29: F3, F1, F2 | P29: F3 (uncorrelated), F1 (uncorrelated), F2 (uncorrelated) | Q29: 0 | S29: 3 | T29: F3, F1, F2 | U29: =TRUE() -> TRUE | V29: 0.74 | W29: 0.24 | X29: 8.92 | Y29: 467.74 | Z29: 10.75 | AA29: 16.81 | AB29: 2.74 | AC29: =FALSE() -> FALSE | AD29: 24.23 | AE29: 14.03 | AF29: 23.05 | AG29: =TRUE() -> TRUE | AH29: 1
A30: sub-011 | B30: ses-1 | C30: EyesClosed | D30: pre | E30: FAIL | F30: REJECT | G30: CRITICAL_CHANNELS_BAD; LINE_NOISE | H30: PASS | I30: FAIL | J30: PASS | K30: FLAG | L30: PASS | M30: 182 | N30: 2 | O30: Fz, Cz | P30: Fz (uncorrelated), Cz (uncorrelated) | Q30: 2 | R30: Fz, Cz | S30: 2 | T30: Fz, Cz | U30: =FALSE() -> FALSE | V30: 0.69 | W30: 0.28 | X30: 7.89 | Y30: 429.74 | Z30: 10.25 | AA30: 11.01 | AB30: 9.79 | AC30: =FALSE() -> FALSE | AD30: 26.9 | AE30: 19.64 | AF30: 24.38 | AG30: =TRUE() -> TRUE | AH30: 1
A31: sub-011 | B31: ses-1 | C31: EyesClosed | D31: post | E31: FLAG | F31: USABLE_NEEDS_INTERPOLATION | G31: CRITICAL_CHANNEL_BAD; LINE_NOISE; USABLE_NEEDS_INTERPOLATION | H31: PASS | I31: FLAG | J31: PASS | K31: FLAG | L31: PASS | M31: 184 | N31: 3 | O31: Fz, F5, F1 | P31: Fz (uncorrelated), F5 (uncorrelated), F1 (uncorrelated) | Q31: 1 | R31: Fz | S31: 3 | T31: Fz, F5, F1 | U31: =TRUE() -> TRUE | V31: 0.66 | W31: 0.6 | X31: 8 | Y31: 318.37 | Z31: 10.5 | AA31: 10.15 | AB31: 17.56 | AC31: =FALSE() -> FALSE | AD31: 22.55 | AE31: 13.23 | AF31: 20.86 | AG31: =TRUE() -> TRUE | AH31: 1
A32: sub-011 | B32: ses-1 | C32: EyesOpen | D32: pre | E32: FLAG | F32: USABLE_NEEDS_INTERPOLATION | G32: LINE_NOISE; USABLE_NEEDS_INTERPOLATION | H32: PASS | I32: PASS | J32: PASS | K32: FLAG | L32: PASS | M32: 183 | N32: 2 | O32: FC2, F5 | P32: FC2 (uncorrelated), F5 (noisy+uncorrelated) | Q32: 0 | S32: 2 | T32: FC2, F5 | U32: =TRUE() -> TRUE | V32: 0.72 | W32: 0.92 | X32: 8.43 | Y32: 316.8 | Z32: 8.25 | AA32: -0.69 | AB32: 9.79 | AC32: =FALSE() -> FALSE | AD32: 25.28 | AE32: 14.45 | AF32: 21.17 | AG32: =TRUE() -> TRUE | AH32: 1
A33: sub-011 | B33: ses-1 | C33: EyesOpen | D33: post | E33: FLAG | F33: USABLE_NEEDS_INTERPOLATION | G33: LINE_NOISE; USABLE_NEEDS_INTERPOLATION | H33: PASS | I33: PASS | J33: PASS | K33: FLAG | L33: PASS | M33: 186 | N33: 2 | O33: FC2, F5 | P33: FC2 (uncorrelated), F5 (noisy+uncorrelated) | Q33: 0 | S33: 2 | T33: FC2, F5 | U33: =TRUE() -> TRUE | V33: 0.74 | W33: 0.2 | X33: 7.93 | Y33: 506.11 | Z33: 8.42 | AA33: 0.7 | AB33: 17.56 | AC33: =FALSE() -> FALSE | AD33: 26.69 | AE33: 16.19 | AF33: 24.11 | AG33: =TRUE() -> TRUE | AH33: 1
A34: sub-012 | B34: ses-1 | C34: EyesClosed | D34: pre | E34: FLAG | F34: USABLE_NEEDS_INTERPOLATION | G34: CRITICAL_CHANNEL_BAD; LOW_ALPHA_PROMINENCE; USABLE_NEEDS_INTERPOLATION | H34: PASS | I34: FLAG | J34: PASS | K34: FLAG | L34: PASS | M34: 188 | N34: 3 | O34: Fz, F1, F2 | P34: Fz (uncorrelated), F1 (uncorrelated), F2 (uncorrelated) | Q34: 1 | R34: Fz | S34: 3 | T34: Fz, F1, F2 | U34: =TRUE() -> TRUE | V34: 0.75 | W34: 0.72 | X34: 5.29 | Y34: 329.1 | Z34: 8.08 | AA34: -1.16 | AB34: 7.42 | AC34: =FALSE() -> FALSE | AD34: 11.86 | AE34: 10.13 | AF34: 13.39 | AG34: =TRUE() -> TRUE | AH34: 1
A35: sub-012 | B35: ses-1 | C35: EyesClosed | D35: post | E35: FLAG | F35: USABLE_NEEDS_INTERPOLATION | G35: CRITICAL_CHANNEL_BAD; LOW_ALPHA_PROMINENCE; NO_ALPHA_BLOCKING; USABLE_NEEDS_INTERPOLATION | H35: PASS | I35: FLAG | J35: PASS | K35: FLAG | L35: PASS | M35: 185 | N35: 2 | O35: Fz, F1 | P35: Fz (uncorrelated), F1 (uncorrelated) | Q35: 1 | R35: Fz | S35: 2 | T35: Fz, F1 | U35: =TRUE() -> TRUE | V35: 0.8 | W35: 0.2 | X35: 6.17 | Y35: 504.91 | Z35: 11.67 | AA35: 0.07 | AB35: 0.6 | AC35: =TRUE() -> TRUE | AD35: 18.66 | AE35: 9.02 | AF35: 18.45 | AG35: =TRUE() -> TRUE | AH35: 1
A36: sub-012 | B36: ses-1 | C36: EyesOpen | D36: pre | E36: FLAG | F36: USABLE_NEEDS_INTERPOLATION | G36: CRITICAL_CHANNEL_BAD; USABLE_NEEDS_INTERPOLATION | H36: PASS | I36: FLAG | J36: PASS | K36: PASS | L36: PASS | M36: 184 | N36: 3 | O36: Fz, F1, F2 | P36: Fz (uncorrelated), F1 (uncorrelated), F2 (uncorrelated) | Q36: 1 | R36: Fz | S36: 3 | T36: Fz, F1, F2 | U36: =TRUE() -> TRUE | V36: 0.74 | W36: 0 | X36: 5.91 | Y36: 691.98 | Z36: 9.5 | AA36: -0.47 | AB36: 7.42 | AC36: =FALSE() -> FALSE | AD36: 17.79 | AE36: 13.33 | AF36: 17.66 | AG36: =TRUE() -> TRUE | AH36: 1
A37: sub-012 | B37: ses-1 | C37: EyesOpen | D37: post | E37: FLAG | F37: USABLE_NEEDS_INTERPOLATION | G37: CRITICAL_CHANNEL_BAD; NO_ALPHA_BLOCKING; USABLE_NEEDS_INTERPOLATION | H37: PASS | I37: FLAG | J37: PASS | K37: FLAG | L37: PASS | M37: 194 | N37: 2 | O37: Fz, F1 | P37: Fz (uncorrelated), F1 (uncorrelated) | Q37: 1 | R37: Fz | S37: 2 | T37: Fz, F1 | U37: =TRUE() -> TRUE | V37: 0.8 | W37: 0.6 | X37: 6.53 | Y37: 337.54 | Z37: 8.17 | AA37: -1.47 | AB37: 0.6 | AC37: =FALSE() -> FALSE | AD37: 18.57 | AE37: 8.69 | AF37: 18.07 | AG37: =TRUE() -> TRUE | AH37: 1
A38: sub-016 | B38: ses-1 | C38: EyesClosed | D38: pre | E38: PASS | F38: USABLE | H38: PASS | I38: PASS | J38: PASS | K38: PASS | L38: PASS | M38: 216 | N38: 0 | Q38: 0 | S38: 0 | U38: =FALSE() -> FALSE | V38: 0.72 | W38: 0.56 | X38: 9.14 | Y38: 334.72 | Z38: 8.83 | AA38: 13.22 | AB38: 3.51 | AC38: =FALSE() -> FALSE | AD38: 7.46 | AE38: 1.62 | AF38: 14.22 | AG38: =FALSE() -> FALSE | AH38: 1
A39: sub-016 | B39: ses-1 | C39: EyesClosed | D39: post | E39: FLAG | F39: USABLE_WITH_FLAGS | G39: LOW_ALPHA_PROMINENCE | H39: PASS | I39: PASS | J39: PASS | K39: FLAG | L39: PASS | M39: 190 | N39: 0 | Q39: 0 | S39: 0 | U39: =FALSE() -> FALSE | V39: 0.73 | W39: 0.52 | X39: 9.67 | Y39: 341.59 | Z39: 9.5 | AA39: 1.89 | AB39: 9.65 | AC39: =FALSE() -> FALSE | AD39: 1.38 | AE39: 0.21 | AF39: 4.66 | AG39: =FALSE() -> FALSE | AH39: 1
A40: sub-016 | B40: ses-1 | C40: EyesOpen | D40: pre | E40: PASS | F40: USABLE | H40: PASS | I40: PASS | J40: PASS | K40: PASS | L40: PASS | M40: 184 | N40: 0 | Q40: 0 | S40: 0 | U40: =FALSE() -> FALSE | V40: 0.76 | W40: 0.72 | X40: 6.19 | Y40: 315.45 | Z40: 9.17 | AA40: 1.4 | AB40: 3.51 | AC40: =FALSE() -> FALSE | AD40: 6.03 | AE40: 0.54 | AF40: 11.78 | AG40: =FALSE() -> FALSE | AH40: 1
A41: sub-016 | B41: ses-1 | C41: EyesOpen | D41: post | E41: PASS | F41: USABLE | H41: PASS | I41: PASS | J41: PASS | K41: PASS | L41: PASS | M41: 187 | N41: 0 | Q41: 0 | S41: 0 | U41: =FALSE() -> FALSE | V41: 0.81 | W41: 0 | X41: 7.67 | Y41: 3.86 | Z41: 8.75 | AA41: 7.57 | AB41: 9.65 | AC41: =FALSE() -> FALSE | AD41: 8.68 | AE41: 0.43 | AF41: 12.1 | AG41: =FALSE() -> FALSE | AH41: 0
A42: sub-017 | B42: ses-1 | C42: EyesClosed | D42: pre | E42: FAIL | F42: REJECT | G42: CRITICAL_CHANNEL_BAD; LINE_NOISE; LOW_ALPHA_PROMINENCE; TOO_MANY_BAD_CHANNELS | H42: PASS | I42: FAIL | J42: PASS | K42: FLAG | L42: PASS | M42: 182 | N42: 10 | O42: Fp1, Fp2, F3, Fz, AF7, AF3, AF4, AF8, F1, F2 | P42: Fp1 (uncorrelated), Fp2 (uncorrelated), F3 (uncorrelated), Fz (uncorrelated), AF7 (uncorrelated), AF3 (uncorrelated), AF4 (uncorrelated), AF8 (uncorrelated), F1 (uncorrelated), F2 (uncorrelated) | Q42: 1 | R42: Fz | S42: 10 | T42: Fp1, Fp2, F3, Fz, AF7, AF3, AF4, AF8, F1, F2 | U42: =FALSE() -> FALSE | V42: 0.7 | W42: 0.6 | X42: 6.79 | Y42: 319.18 | Z42: 8.75 | AA42: 1.65 | AB42: 7.48 | AC42: =FALSE() -> FALSE | AD42: 20.72 | AE42: 8.02 | AF42: 22.48 | AG42: =TRUE() -> TRUE | AH42: 1
A43: sub-017 | B43: ses-1 | C43: EyesClosed | D43: post | E43: FAIL | F43: REJECT | G43: CRITICAL_CHANNEL_BAD; LINE_NOISE; TOO_MANY_BAD_CHANNELS | H43: PASS | I43: FAIL | J43: PASS | K43: FLAG | L43: PASS | M43: 183 | N43: 8 | O43: Fp1, Fp2, Fz, F4, AF3, AF4, F1, F2 | P43: Fp1 (uncorrelated), Fp2 (uncorrelated), Fz (uncorrelated), F4 (uncorrelated), AF3 (uncorrelated), AF4 (uncorrelated), F1 (uncorrelated), F2 (uncorrelated) | Q43: 1 | R43: Fz | S43: 8 | T43: Fp1, Fp2, Fz, F4, AF3, AF4, F1, F2 | U43: =FALSE() -> FALSE | V43: 0.69 | W43: 0.72 | X43: 6.61 | Y43: 321.18 | Z43: 8.5 | AA43: 12.9 | AB43: 2.92 | AC43: =FALSE() -> FALSE | AD43: 23.8 | AE43: 9.42 | AF43: 19.5 | AG43: =TRUE() -> TRUE | AH43: 1
A44: sub-017 | B44: ses-1 | C44: EyesOpen | D44: pre | E44: FLAG | F44: USABLE_NEEDS_INTERPOLATION | G44: LINE_NOISE; USABLE_NEEDS_INTERPOLATION | H44: PASS | I44: PASS | J44: PASS | K44: FLAG | L44: PASS | M44: 183 | N44: 2 | O44: F7, F8 | P44: F7 (uncorrelated), F8 (uncorrelated) | Q44: 0 | S44: 2 | T44: F7, F8 | U44: =TRUE() -> TRUE | V44: 0.82 | W44: 0.56 | X44: 7.42 | Y44: 324.47 | Z44: 10 | AA44: 2.09 | AB44: 7.48 | AC44: =FALSE() -> FALSE | AD44: 28.7 | AE44: 12.57 | AF44: 26.3 | AG44: =TRUE() -> TRUE | AH44: 1
A45: sub-017 | B45: ses-1 | C45: EyesOpen | D45: post | E45: FLAG | F45: USABLE_NEEDS_INTERPOLATION | G45: LINE_NOISE; USABLE_NEEDS_INTERPOLATION | H45: PASS | I45: PASS | J45: PASS | K45: FLAG | L45: PASS | M45: 184 | N45: 1 | O45: F8 | P45: F8 (uncorrelated) | Q45: 0 | S45: 1 | T45: F8 | U45: =TRUE() -> TRUE | V45: 0.81 | W45: 0 | X45: 7.15 | Y45: 726.04 | Z45: 8.67 | AA45: 6.2 | AB45: 2.92 | AC45: =FALSE() -> FALSE | AD45: 25.51 | AE45: 11.94 | AF45: 20.77 | AG45: =TRUE() -> TRUE | AH45: 1
A46: sub-018 | B46: ses-1 | C46: EyesClosed | D46: pre | E46: PASS | F46: USABLE | H46: PASS | I46: PASS | J46: PASS | K46: PASS | L46: PASS | M46: 183 | N46: 0 | Q46: 0 | S46: 0 | U46: =FALSE() -> FALSE | V46: 0.77 | W46: 0.72 | X46: 7.4 | Y46: 303.57 | Z46: 10.5 | AA46: 6.4 | AB46: 1.58 | AC46: =FALSE() -> FALSE | AD46: 13.95 | AE46: 0.4 | AF46: 9.96 | AG46: =TRUE() -> TRUE | AH46: 1
A47: sub-018 | B47: ses-1 | C47: EyesClosed | D47: post | E47: FLAG | F47: USABLE_WITH_FLAGS | G47: LOW_ALPHA_PROMINENCE; WEAK_ALPHA_BLOCKING | H47: PASS | I47: PASS | J47: PASS | K47: FLAG | L47: PASS | M47: 192 | N47: 0 | Q47: 0 | S47: 0 | U47: =FALSE() -> FALSE | V47: 0.78 | W47: 0.48 | X47: 7.97 | Y47: 342.34 | Z47: 10 | AA47: 3 | AB47: 1.07 | AC47: =TRUE() -> TRUE | AD47: 10.3 | AE47: 0.91 | AF47: 14.46 | AG47: =TRUE() -> TRUE | AH47: 1
A48: sub-018 | B48: ses-1 | C48: EyesOpen | D48: pre | E48: FAIL | F48: REJECT | G48: CRITICAL_CHANNEL_BAD; TOO_MANY_BAD_CHANNELS | H48: PASS | I48: FAIL | J48: PASS | K48: PASS | L48: PASS | M48: 184 | N48: 11 | O48: Fp1, Fp2, F3, Fz, F4, AF7, AF3, AF4, AF8, F1, F2 | P48: Fp1 (uncorrelated), Fp2 (uncorrelated), F3 (uncorrelated), Fz (uncorrelated), F4 (uncorrelated), AF7 (uncorrelated), AF3 (uncorrelated), AF4 (uncorrelated), AF8 (uncorrelated), F1 (uncorrelated), F2 (uncorrelated) | Q48: 1 | R48: Fz | S48: 11 | T48: Fp1, Fp2, F3, Fz, F4, AF7, AF3, AF4, AF8, F1, F2 | U48: =FALSE() -> FALSE | V48: 0.78 | W48: 0.6 | X48: 8.56 | Y48: 316.75 | Z48: 10.83 | AA48: 0.03 | AB48: 1.58 | AC48: =FALSE() -> FALSE | AD48: 10.99 | AE48: 0.76 | AF48: 8.77 | AG48: =TRUE() -> TRUE | AH48: 1
A49: sub-018 | B49: ses-1 | C49: EyesOpen | D49: post | E49: FAIL | F49: REJECT | G49: TOO_MANY_BAD_CHANNELS; WEAK_ALPHA_BLOCKING | H49: PASS | I49: FAIL | J49: PASS | K49: FLAG | L49: PASS | M49: 183 | N49: 11 | O49: Fp1, Fp2, F3, F4, AF7, AF3, AF4, AF8, F5, F1, F2 | P49: Fp1 (uncorrelated), Fp2 (uncorrelated), F3 (uncorrelated), F4 (uncorrelated), AF7 (uncorrelated), AF3 (uncorrelated), AF4 (uncorrelated), AF8 (uncorrelated), F5 (uncorrelated), F1 (uncorrelated), F2 (uncorrelated) | Q49: 0 | S49: 11 | T49: Fp1, Fp2, F3, F4, AF7, AF3, AF4, AF8, F5, F1, F2 | U49: =FALSE() -> FALSE | V49: 0.79 | W49: 0.6 | X49: 10.04 | Y49: 310.02 | Z49: 10.33 | AA49: 6.02 | AB49: 1.07 | AC49: =FALSE() -> FALSE | AD49: 13.17 | AE49: 1.19 | AF49: 14.45 | AG49: =TRUE() -> TRUE | AH49: 1
A50: sub-019 | B50: ses-1 | C50: EyesClosed | D50: pre | E50: FAIL | F50: REJECT | G50: CRITICAL_CHANNEL_BAD; LOW_ALPHA_PROMINENCE; NO_ALPHA_BLOCKING; TOO_MANY_BAD_CHANNELS | H50: PASS | I50: FAIL | J50: PASS | K50: FLAG | L50: PASS | M50: 182 | N50: 10 | O50: Fz, F4, FC2, FC6, C4, T8, F2, FC4, FT8, C6 | P50: Fz (uncorrelated), F4 (uncorrelated), FC2 (uncorrelated), FC6 (uncorrelated), C4 (uncorrelated), T8 (noisy), F2 (uncorrelated), FC4 (uncorrelated), FT8 (uncorrelated), C6 (uncorrelated) | Q50: 1 | R50: Fz | S50: 9 | T50: Fz, F4, FC2, FC6, C4, F2, FC4, FT8, C6 | U50: =FALSE() -> FALSE | V50: 0.63 | W50: 0.64 | X50: 5.89 | Y50: 303.7 | Z50: 10.5 | AA50: 0.67 | AB50: 0.95 | AC50: =TRUE() -> TRUE | AD50: 7.6 | AE50: 0.77 | AF50: 13.67 | AG50: =FALSE() -> FALSE | AH50: 1
A51: sub-019 | B51: ses-1 | C51: EyesClosed | D51: post | E51: FLAG | F51: USABLE_NEEDS_INTERPOLATION | G51: CRITICAL_CHANNEL_BAD; NO_ALPHA_BLOCKING; USABLE_NEEDS_INTERPOLATION | H51: PASS | I51: FLAG | J51: PASS | K51: FLAG | L51: PASS | M51: 185 | N51: 6 | O51: Fz, F4, AF4, F1, F2, C6 | P51: Fz (uncorrelated), F4 (uncorrelated), AF4 (uncorrelated), F1 (uncorrelated), F2 (uncorrelated), C6 (uncorrelated) | Q51: 1 | R51: Fz | S51: 6 | T51: Fz, F4, AF4, F1, F2, C6 | U51: =TRUE() -> TRUE | V51: 0.65 | W51: 0.92 | X51: 6.14 | Y51: 318.36 | Z51: 8.5 | AA51: 5.88 | AB51: 0.61 | AC51: =FALSE() -> FALSE | AD51: 9.86 | AE51: 0.98 | AF51: 11.12 | AG51: =FALSE() -> FALSE | AH51: 1
A52: sub-019 | B52: ses-1 | C52: EyesOpen | D52: pre | E52: FLAG | F52: USABLE_NEEDS_INTERPOLATION | G52: NO_ALPHA_BLOCKING; USABLE_NEEDS_INTERPOLATION | H52: PASS | I52: PASS | J52: PASS | K52: FLAG | L52: PASS | M52: 206 | N52: 5 | O52: FC2, FC6, T8, FC4, C6 | P52: FC2 (uncorrelated), FC6 (uncorrelated), T8 (noisy), FC4 (uncorrelated), C6 (uncorrelated) | Q52: 0 | S52: 4 | T52: FC2, FC6, FC4, C6 | U52: =TRUE() -> TRUE | V52: 0.72 | W52: 0.68 | X52: 7.57 | Y52: 338.56 | Z52: 8.17 | AA52: -0.57 | AB52: 0.95 | AC52: =FALSE() -> FALSE | AD52: 7.41 | AE52: 0.45 | AF52: 11.23 | AG52: =FALSE() -> FALSE | AH52: 1
A53: sub-019 | B53: ses-1 | C53: EyesOpen | D53: post | E53: FLAG | F53: USABLE_NEEDS_INTERPOLATION | G53: NO_ALPHA_BLOCKING; USABLE_NEEDS_INTERPOLATION | H53: PASS | I53: PASS | J53: PASS | K53: FLAG | L53: PASS | M53: 182 | N53: 2 | O53: FC6, FC4 | P53: FC6 (uncorrelated), FC4 (uncorrelated) | Q53: 0 | S53: 2 | T53: FC6, FC4 | U53: =TRUE() -> TRUE | V53: 0.76 | W53: 0.44 | X53: 8.05 | Y53: 335.16 | Z53: 9.08 | AA53: 0.48 | AB53: 0.61 | AC53: =FALSE() -> FALSE | AD53: 7.48 | AE53: 1.91 | AF53: 10.4 | AG53: =FALSE() -> FALSE | AH53: 1
A54: sub-021 | B54: ses-1 | C54: EyesClosed | D54: pre | E54: PASS | F54: USABLE | H54: PASS | I54: PASS | J54: PASS | K54: PASS | L54: PASS | M54: 183 | N54: 0 | Q54: 0 | S54: 0 | U54: =FALSE() -> FALSE | V54: 0.75 | W54: 0.52 | X54: 8.69 | Y54: 305.99 | Z54: 11.83 | AA54: 11.37 | AB54: 1.54 | AC54: =FALSE() -> FALSE | AD54: 12.67 | AE54: 3.83 | AF54: 5.06 | AG54: =TRUE() -> TRUE | AH54: 1
A55: sub-021 | B55: ses-1 | C55: EyesClosed | D55: post | E55: FLAG | F55: USABLE_NEEDS_INTERPOLATION | G55: LINE_NOISE; USABLE_NEEDS_INTERPOLATION; WEAK_ALPHA_BLOCKING | H55: PASS | I55: PASS | J55: PASS | K55: FLAG | L55: PASS | M55: 213 | N55: 1 | O55: P4 | P55: P4 (noisy+uncorrelated) | Q55: 0 | S55: 1 | T55: P4 | U55: =TRUE() -> TRUE | V55: 0.77 | W55: 0 | X55: 8.47 | Y55: 0.73 | Z55: 10.42 | AA55: 8.42 | AB55: 1.25 | AC55: =FALSE() -> FALSE | AD55: 22.09 | AE55: 7.13 | AF55: 18.18 | AG55: =TRUE() -> TRUE | AH55: 0
A56: sub-021 | B56: ses-1 | C56: EyesOpen | D56: pre | E56: PASS | F56: USABLE_NEEDS_INTERPOLATION | G56: USABLE_NEEDS_INTERPOLATION | H56: PASS | I56: PASS | J56: PASS | K56: PASS | L56: PASS | M56: 184 | N56: 4 | O56: F7, F8, FC1, FC2 | P56: F7 (uncorrelated), F8 (uncorrelated), FC1 (uncorrelated), FC2 (uncorrelated) | Q56: 0 | S56: 4 | T56: F7, F8, FC1, FC2 | U56: =TRUE() -> TRUE | V56: 0.84 | W56: 0.76 | X56: 11.06 | Y56: 302.39 | Z56: 8.5 | AA56: 3.02 | AB56: 1.54 | AC56: =FALSE() -> FALSE | AD56: 9.97 | AE56: 3.18 | AF56: 6.05 | AG56: =FALSE() -> FALSE | AH56: 1
A57: sub-021 | B57: ses-1 | C57: EyesOpen | D57: post | E57: FLAG | F57: USABLE_NEEDS_INTERPOLATION | G57: USABLE_NEEDS_INTERPOLATION; WEAK_ALPHA_BLOCKING | H57: PASS | I57: PASS | J57: PASS | K57: FLAG | L57: PASS | M57: 185 | N57: 4 | O57: F4, F8, F5, F6 | P57: F4 (uncorrelated), F8 (uncorrelated), F5 (uncorrelated), F6 (uncorrelated) | Q57: 0 | S57: 4 | T57: F4, F8, F5, F6 | U57: =TRUE() -> TRUE | V57: 0.81 | W57: 0 | X57: 14.17 | Y57: 608.5 | Z57: 8.33 | AA57: 9.34 | AB57: 1.25 | AC57: =FALSE() -> FALSE | AD57: 18.41 | AE57: 3.88 | AF57: 12.83 | AG57: =TRUE() -> TRUE | AH57: 1
A58: sub-022 | B58: ses-1 | C58: EyesClosed | D58: pre | E58: FLAG | F58: USABLE_NEEDS_INTERPOLATION | G58: CRITICAL_CHANNEL_BAD; USABLE_NEEDS_INTERPOLATION | H58: PASS | I58: FLAG | J58: PASS | K58: PASS | L58: PASS | M58: 182 | N58: 6 | O58: Fz, F4, AF3, AF4, F1, F2 | P58: Fz (uncorrelated), F4 (uncorrelated), AF3 (uncorrelated), AF4 (uncorrelated), F1 (uncorrelated), F2 (uncorrelated) | Q58: 1 | R58: Fz | S58: 6 | T58: Fz, F4, AF3, AF4, F1, F2 | U58: =TRUE() -> TRUE | V58: 0.74 | W58: 0.72 | X58: 9.94 | Y58: 263.93 | Z58: 9 | AA58: 11.41 | AB58: 3.66 | AC58: =FALSE() -> FALSE | AD58: 9.38 | AE58: 0.74 | AF58: 1.29 | AG58: =FALSE() -> FALSE | AH58: 1
A59: sub-022 | B59: ses-1 | C59: EyesClosed | D59: post | E59: FAIL | F59: REJECT | G59: TOO_MANY_BAD_CHANNELS | H59: PASS | I59: FAIL | J59: PASS | K59: PASS | L59: PASS | M59: 184 | N59: 7 | O59: F3, F4, FC1, AF3, AF4, F1, F2 | P59: F3 (uncorrelated), F4 (uncorrelated), FC1 (uncorrelated), AF3 (uncorrelated), AF4 (uncorrelated), F1 (uncorrelated), F2 (uncorrelated) | Q59: 0 | S59: 7 | T59: F3, F4, FC1, AF3, AF4, F1, F2 | U59: =FALSE() -> FALSE | V59: 0.74 | W59: 0.12 | X59: 13.17 | Y59: 624.77 | Z59: 8.83 | AA59: 8.7 | AB59: 2.09 | AC59: =FALSE() -> FALSE | AD59: 17.05 | AE59: 0.47 | AF59: 16.08 | AG59: =TRUE() -> TRUE | AH59: 1
A60: sub-022 | B60: ses-1 | C60: EyesOpen | D60: pre | E60: FLAG | F60: USABLE_NEEDS_INTERPOLATION | G60: CRITICAL_CHANNEL_BAD; USABLE_NEEDS_INTERPOLATION | H60: PASS | I60: FLAG | J60: PASS | K60: PASS | L60: PASS | M60: 184 | N60: 3 | O60: Fz, F1, F2 | P60: Fz (uncorrelated), F1 (uncorrelated), F2 (uncorrelated) | Q60: 1 | R60: Fz | S60: 3 | T60: Fz, F1, F2 | U60: =TRUE() -> TRUE | V60: 0.74 | W60: 0.76 | X60: 7.96 | Y60: 309.94 | Z60: 9.25 | AA60: 1.57 | AB60: 3.66 | AC60: =FALSE() -> FALSE | AD60: 9.15 | AE60: 0.84 | AF60: 1.27 | AG60: =FALSE() -> FALSE | AH60: 1
A61: sub-022 | B61: ses-1 | C61: EyesOpen | D61: post | E61: FAIL | F61: REJECT | G61: TOO_MANY_BAD_CHANNELS | H61: PASS | I61: FAIL | J61: PASS | K61: PASS | L61: PASS | M61: 184 | N61: 10 | O61: Fp1, Fp2, F3, F4, FC1, FC2, AF3, AF4, F1, F2 | P61: Fp1 (uncorrelated), Fp2 (uncorrelated), F3 (uncorrelated), F4 (uncorrelated), FC1 (uncorrelated), FC2 (uncorrelated), AF3 (uncorrelated), AF4 (uncorrelated), F1 (uncorrelated), F2 (uncorrelated) | Q61: 0 | S61: 10 | T61: Fp1, Fp2, F3, F4, FC1, FC2, AF3, AF4, F1, F2 | U61: =FALSE() -> FALSE | V61: 0.73 | W61: 0 | X61: 12.31 | Y61: 690.98 | Z61: 9 | AA61: 6.72 | AB61: 2.09 | AC61: =FALSE() -> FALSE | AD61: 13.95 | AE61: 1.09 | AF61: 10.74 | AG61: =TRUE() -> TRUE | AH61: 1
A62: sub-023 | B62: ses-1 | C62: EyesClosed | D62: pre | E62: FLAG | F62: USABLE_NEEDS_INTERPOLATION | G62: CRITICAL_CHANNEL_BAD; HIGH_LINE_NOISE; USABLE_NEEDS_INTERPOLATION | H62: PASS | I62: FLAG | J62: PASS | K62: FLAG | L62: PASS | M62: 191 | N62: 2 | O62: Fz, F2 | P62: Fz (uncorrelated), F2 (uncorrelated) | Q62: 1 | R62: Fz | S62: 2 | T62: Fz, F2 | U62: =TRUE() -> TRUE | V62: 0.71 | W62: 0.8 | X62: 6.63 | Y62: 303.09 | Z62: 10.75 | AA62: 9.17 | AB62: 3.71 | AC62: =FALSE() -> FALSE | AD62: 34.32 | AE62: 21.18 | AF62: 30.75 | AG62: =TRUE() -> TRUE | AH62: 1
A63: sub-023 | B63: ses-1 | C63: EyesClosed | D63: post | E63: FLAG | F63: USABLE_NEEDS_INTERPOLATION | G63: CRITICAL_CHANNEL_BAD; USABLE_NEEDS_INTERPOLATION | H63: PASS | I63: FLAG | J63: PASS | K63: PASS | L63: PASS | M63: 183 | N63: 2 | O63: Fz, F2 | P63: Fz (uncorrelated), F2 (uncorrelated) | Q63: 1 | R63: Fz | S63: 2 | T63: Fz, F2 | U63: =TRUE() -> TRUE | V63: 0.69 | W63: 0.16 | X63: 7.42 | Y63: 558.01 | Z63: 10.67 | AA63: 7.43 | AB63: 3.75 | AC63: =FALSE() -> FALSE | AD63: 16.85 | AE63: 10.78 | AF63: 19.87 | AG63: =TRUE() -> TRUE | AH63: 1
A64: sub-023 | B64: ses-1 | C64: EyesOpen | D64: pre | E64: FLAG | F64: USABLE_NEEDS_INTERPOLATION | G64: HIGH_LINE_NOISE; USABLE_NEEDS_INTERPOLATION | H64: PASS | I64: PASS | J64: PASS | K64: FLAG | L64: PASS | M64: 186 | N64: 4 | O64: F8, FC1, FC2, FC3 | P64: F8 (uncorrelated), FC1 (uncorrelated), FC2 (uncorrelated), FC3 (uncorrelated) | Q64: 0 | S64: 4 | T64: F8, FC1, FC2, FC3 | U64: =TRUE() -> TRUE | V64: 0.79 | W64: 0 | X64: 8.23 | Y64: 635.13 | Z64: 11.75 | AA64: -0.08 | AB64: 3.71 | AC64: =FALSE() -> FALSE | AD64: 34.75 | AE64: 20.8 | AF64: 29.05 | AG64: =TRUE() -> TRUE | AH64: 1
A65: sub-023 | B65: ses-1 | C65: EyesOpen | D65: post | E65: FAIL | F65: REJECT | G65: TOO_MANY_BAD_CHANNELS | H65: PASS | I65: FAIL | J65: PASS | K65: PASS | L65: PASS | M65: 183 | N65: 8 | O65: F7, F3, F4, FC2, AF7, AF8, F5, F6 | P65: F7 (uncorrelated), F3 (uncorrelated), F4 (uncorrelated), FC2 (uncorrelated), AF7 (uncorrelated), AF8 (uncorrelated), F5 (uncorrelated), F6 (uncorrelated) | Q65: 0 | S65: 8 | T65: F7, F3, F4, FC2, AF7, AF8, F5, F6 | U65: =FALSE() -> FALSE | V65: 0.72 | W65: 0.56 | X65: 8.15 | Y65: 318.76 | Z65: 8 | AA65: -0.43 | AB65: 3.75 | AC65: =FALSE() -> FALSE | AD65: 13.91 | AE65: 4.98 | AF65: 9.41 | AG65: =TRUE() -> TRUE | AH65: 1
A66: sub-024 | B66: ses-1 | C66: EyesClosed | D66: pre | E66: FAIL | F66: REJECT | G66: CRITICAL_CHANNEL_BAD; TOO_MANY_BAD_CHANNELS | H66: PASS | I66: FAIL | J66: PASS | K66: PASS | L66: PASS | M66: 182 | N66: 12 | O66: Fp1, Fp2, F3, Fz, F4, FC2, AF7, AF3, AF4, AF8, F1, F2 | P66: Fp1 (uncorrelated), Fp2 (uncorrelated), F3 (uncorrelated), Fz (uncorrelated), F4 (uncorrelated), FC2 (uncorrelated), AF7 (uncorrelated), AF3 (uncorrelated), AF4 (uncorrelated), AF8 (uncorrelated), F1 (uncorrelated), F2 (uncorrelated) | Q66: 1 | R66: Fz | S66: 12 | T66: Fp1, Fp2, F3, Fz, F4, FC2, AF7, AF3, AF4, AF8, F1, F2 | U66: =FALSE() -> FALSE | V66: 0.66 | W66: 0 | X66: 6.65 | Y66: 614.3 | Z66: 9 | AA66: 10.39 | AB66: 4.8 | AC66: =FALSE() -> FALSE | AD66: 13.31 | AE66: 0.59 | AF66: 5.15 | AG66: =TRUE() -> TRUE | AH66: 1
A67: sub-024 | B67: ses-1 | C67: EyesClosed | D67: post | E67: FAIL | F67: REJECT | G67: CRITICAL_CHANNEL_BAD; TOO_MANY_BAD_CHANNELS | H67: PASS | I67: FAIL | J67: PASS | K67: PASS | L67: PASS | M67: 182 | N67: 12 | O67: Fp1, Fp2, F3, Fz, F4, FC2, AF7, AF3, AF4, AF8, F1, F2 | P67: Fp1 (uncorrelated), Fp2 (uncorrelated), F3 (uncorrelated), Fz (uncorrelated), F4 (uncorrelated), FC2 (uncorrelated), AF7 (uncorrelated), AF3 (uncorrelated), AF4 (uncorrelated), AF8 (uncorrelated), F1 (uncorrelated), F2 (uncorrelated) | Q67: 1 | R67: Fz | S67: 12 | T67: Fp1, Fp2, F3, Fz, F4, FC2, AF7, AF3, AF4, AF8, F1, F2 | U67: =FALSE() -> FALSE | V67: 0.69 | W67: 0.32 | X67: 7.09 | Y67: 394.93 | Z67: 8.75 | AA67: 7.52 | AB67: 3.19 | AC67: =FALSE() -> FALSE | AD67: 12.52 | AE67: 1.57 | AF67: 2.75 | AG67: =TRUE() -> TRUE | AH67: 1
A68: sub-024 | B68: ses-1 | C68: EyesOpen | D68: pre | E68: PASS | F68: USABLE_NEEDS_INTERPOLATION | G68: USABLE_NEEDS_INTERPOLATION | H68: PASS | I68: PASS | J68: PASS | K68: PASS | L68: PASS | M68: 183 | N68: 4 | O68: F8, FC1, FC2, F6 | P68: F8 (uncorrelated), FC1 (uncorrelated), FC2 (uncorrelated), F6 (uncorrelated) | Q68: 0 | S68: 4 | T68: F8, FC1, FC2, F6 | U68: =TRUE() -> TRUE | V68: 0.75 | W68: 0.12 | X68: 6.03 | Y68: 563.7 | Z68: 11.25 | AA68: 1.16 | AB68: 4.8 | AC68: =FALSE() -> FALSE | AD68: 14.8 | AE68: 1.45 | AF68: 4.98 | AG68: =TRUE() -> TRUE | AH68: 1
A69: sub-024 | B69: ses-1 | C69: EyesOpen | D69: post | E69: PASS | F69: USABLE_NEEDS_INTERPOLATION | G69: USABLE_NEEDS_INTERPOLATION | H69: PASS | I69: PASS | J69: PASS | K69: PASS | L69: PASS | M69: 183 | N69: 4 | O69: FC1, FC2, FC3, FC4 | P69: FC1 (uncorrelated), FC2 (uncorrelated), FC3 (uncorrelated), FC4 (uncorrelated) | Q69: 0 | S69: 4 | T69: FC1, FC2, FC3, FC4 | U69: =TRUE() -> TRUE | V69: 0.83 | W69: 0.92 | X69: 8.43 | Y69: 314.61 | Z69: 11.25 | AA69: 0.9 | AB69: 3.19 | AC69: =FALSE() -> FALSE | AD69: 13.41 | AE69: 0.83 | AF69: 4.92 | AG69: =TRUE() -> TRUE | AH69: 1
A70: sub-025 | B70: ses-1 | C70: EyesClosed | D70: pre | E70: FLAG | F70: USABLE_WITH_FLAGS | G70: LINE_NOISE | H70: PASS | I70: PASS | J70: PASS | K70: FLAG | L70: PASS | M70: 195 | N70: 0 | Q70: 0 | S70: 0 | U70: =FALSE() -> FALSE | V70: 0.72 | W70: 0.88 | X70: 9.41 | Y70: 334.41 | Z70: 10.25 | AA70: 14.3 | AB70: 5.07 | AC70: =FALSE() -> FALSE | AD70: 25.34 | AE70: 16.92 | AF70: 26.68 | AG70: =TRUE() -> TRUE | AH70: 1
A71: sub-025 | B71: ses-1 | C71: EyesClosed | D71: post | E71: FLAG | F71: USABLE_WITH_FLAGS | G71: LINE_NOISE | H71: PASS | I71: PASS | J71: PASS | K71: FLAG | L71: PASS | M71: 212 | N71: 0 | Q71: 0 | S71: 0 | U71: =FALSE() -> FALSE | V71: 0.8 | W71: 0.64 | X71: 9.43 | Y71: 369.3 | Z71: 8.75 | AA71: 3.53 | AB71: 3.3 | AC71: =FALSE() -> FALSE | AD71: 20.28 | AE71: 11.07 | AF71: 21.86 | AG71: =TRUE() -> TRUE | AH71: 1
A72: sub-025 | B72: ses-1 | C72: EyesOpen | D72: pre | E72: FLAG | F72: USABLE_WITH_FLAGS | G72: LINE_NOISE | H72: PASS | I72: PASS | J72: PASS | K72: FLAG | L72: PASS | M72: 183 | N72: 0 | Q72: 0 | S72: 0 | U72: =FALSE() -> FALSE | V72: 0.76 | W72: 0.4 | X72: 8.19 | Y72: 355.08 | Z72: 8.25 | AA72: 7.81 | AB72: 5.07 | AC72: =FALSE() -> FALSE | AD72: 25.26 | AE72: 15.57 | AF72: 24.83 | AG72: =TRUE() -> TRUE | AH72: 1
A73: sub-025 | B73: ses-1 | C73: EyesOpen | D73: post | E73: FLAG | F73: USABLE_WITH_FLAGS | G73: LINE_NOISE | H73: PASS | I73: PASS | J73: PASS | K73: FLAG | L73: PASS | M73: 183 | N73: 0 | Q73: 0 | S73: 0 | U73: =FALSE() -> FALSE | V73: 0.78 | W73: 0.88 | X73: 9.75 | Y73: 316.84 | Z73: 8 | AA73: 7.45 | AB73: 3.3 | AC73: =FALSE() -> FALSE | AD73: 26.77 | AE73: 18.14 | AF73: 28.44 | AG73: =TRUE() -> TRUE | AH73: 1
A74: sub-026 | B74: ses-1 | C74: EyesClosed | D74: pre | E74: PASS | F74: USABLE | H74: PASS | I74: PASS | J74: PASS | K74: PASS | L74: PASS | M74: 188 | N74: 0 | Q74: 0 | S74: 0 | U74: =FALSE() -> FALSE | V74: 0.75 | W74: 0.24 | X74: 7.52 | Y74: 476.28 | Z74: 10.75 | AA74: 11.47 | AB74: 8.26 | AC74: =FALSE() -> FALSE | AD74: 16.11 | AE74: 0.66 | AF74: 5.45 | AG74: =TRUE() -> TRUE | AH74: 1
A75: sub-026 | B75: ses-1 | C75: EyesClosed | D75: post | E75: FLAG | F75: USABLE_NEEDS_INTERPOLATION | G75: CRITICAL_CHANNEL_BAD; USABLE_NEEDS_INTERPOLATION | H75: PASS | I75: FLAG | J75: PASS | K75: PASS | L75: PASS | M75: 189 | N75: 3 | O75: Fp1, Fz, F1 | P75: Fp1 (uncorrelated), Fz (uncorrelated), F1 (uncorrelated) | Q75: 1 | R75: Fz | S75: 3 | T75: Fp1, Fz, F1 | U75: =TRUE() -> TRUE | V75: 0.71 | W75: 0.96 | X75: 6.04 | Y75: 327 | Z75: 10.5 | AA75: 15.27 | AB75: 8.32 | AC75: =FALSE() -> FALSE | AD75: 9.21 | AE75: 1.24 | AF75: 3.36 | AG75: =FALSE() -> FALSE | AH75: 1
A76: sub-026 | B76: ses-1 | C76: EyesOpen | D76: pre | E76: PASS | F76: USABLE | H76: PASS | I76: PASS | J76: PASS | K76: PASS | L76: PASS | M76: 184 | N76: 0 | Q76: 0 | S76: 0 | U76: =FALSE() -> FALSE | V76: 0.68 | W76: 0.16 | X76: 5.68 | Y76: 565.32 | Z76: 8 | AA76: -0.22 | AB76: 8.26 | AC76: =FALSE() -> FALSE | AD76: 14.86 | AE76: -0.35 | AF76: 5.15 | AG76: =TRUE() -> TRUE | AH76: 1
A77: sub-026 | B77: ses-1 | C77: EyesOpen | D77: post | E77: PASS | F77: USABLE_NEEDS_INTERPOLATION | G77: USABLE_NEEDS_INTERPOLATION | H77: PASS | I77: PASS | J77: PASS | K77: PASS | L77: PASS | M77: 183 | N77: 1 | O77: FC2 | P77: FC2 (uncorrelated) | Q77: 0 | S77: 1 | T77: FC2 | U77: =TRUE() -> TRUE | V77: 0.61 | W77: 0.28 | X77: 7 | Y77: 432.24 | Z77: 11.42 | AA77: 1.23 | AB77: 8.32 | AC77: =FALSE() -> FALSE | AD77: 8.54 | AE77: 1.32 | AF77: 4.4 | AG77: =FALSE() -> FALSE | AH77: 1
A78: sub-028 | B78: ses-1 | C78: EyesClosed | D78: pre | E78: FLAG | F78: USABLE_WITH_FLAGS | G78: LOW_ALPHA_PROMINENCE | H78: PASS | I78: PASS | J78: PASS | K78: FLAG | L78: PASS | M78: 192 | N78: 0 | Q78: 0 | S78: 0 | U78: =FALSE() -> FALSE | V78: 0.76 | W78: 0.96 | X78: 5.44 | Y78: 324.42 | Z78: 8 | AA78: -0.61 | AB78: 4.98 | AC78: =FALSE() -> FALSE | AD78: 1.15 | AE78: 0 | AF78: 0.5 | AG78: =FALSE() -> FALSE | AH78: 1
A79: sub-028 | B79: ses-1 | C79: EyesClosed | D79: post | E79: FLAG | F79: USABLE_WITH_FLAGS | G79: LOW_ALPHA_PROMINENCE | H79: PASS | I79: PASS | J79: PASS | K79: FLAG | L79: PASS | M79: 184 | N79: 0 | Q79: 0 | S79: 0 | U79: =FALSE() -> FALSE | V79: 0.77 | W79: 0.64 | X79: 5.84 | Y79: 323.29 | Z79: 8 | AA79: -1.25 | AB79: 31.99 | AC79: =FALSE() -> FALSE | AD79: 0.23 | AE79: 0.11 | AF79: 0.4 | AG79: =FALSE() -> FALSE | AH79: 1
A80: sub-028 | B80: ses-1 | C80: EyesOpen | D80: pre | E80: PASS | F80: USABLE_NEEDS_INTERPOLATION | G80: USABLE_NEEDS_INTERPOLATION | H80: PASS | I80: PASS | J80: PASS | K80: PASS | L80: PASS | M80: 202 | N80: 2 | O80: F5, F6 | P80: F5 (uncorrelated), F6 (uncorrelated) | Q80: 0 | S80: 2 | T80: F5, F6 | U80: =TRUE() -> TRUE | V80: 0.75 | W80: 0.4 | X80: 6.74 | Y80: 380.86 | Z80: 8 | AA80: 1.18 | AB80: 4.98 | AC80: =FALSE() -> FALSE | AD80: 3.67 | AE80: 0.55 | AF80: 1.75 | AG80: =FALSE() -> FALSE | AH80: 1
A81: sub-028 | B81: ses-1 | C81: EyesOpen | D81: post | E81: PASS | F81: USABLE_NEEDS_INTERPOLATION | G81: USABLE_NEEDS_INTERPOLATION | H81: PASS | I81: PASS | J81: PASS | K81: PASS | L81: PASS | M81: 189 | N81: 5 | O81: F7, F3, F4, F5, F6 | P81: F7 (uncorrelated), F3 (uncorrelated), F4 (uncorrelated), F5 (uncorrelated), F6 (uncorrelated) | Q81: 0 | S81: 5 | T81: F7, F3, F4, F5, F6 | U81: =TRUE() -> TRUE | V81: 0.79 | W81: 0.92 | X81: 8.07 | Y81: 328.49 | Z81: 8 | AA81: 0.8 | AB81: 31.99 | AC81: =FALSE() -> FALSE | AD81: 2.1 | AE81: 3.76 | AF81: 2.87 | AG81: =FALSE() -> FALSE | AH81: 1
A82: sub-028 | B82: ses-2 | C82: EyesClosed | D82: pre | E82: FLAG | F82: USABLE_NEEDS_INTERPOLATION | G82: CRITICAL_CHANNEL_BAD; LINE_NOISE; LOW_ALPHA_PROMINENCE; NO_ALPHA_BLOCKING; USABLE_NEEDS_INTERPOLATION | H82: PASS | I82: FLAG | J82: PASS | K82: FLAG | L82: PASS | M82: 185 | N82: 1 | O82: Fz | P82: Fz (uncorrelated) | Q82: 1 | R82: Fz | S82: 1 | T82: Fz | U82: =TRUE() -> TRUE | V82: 0.77 | W82: 0.92 | X82: 6.18 | Y82: 320.63 | Z82: 8 | AA82: 1.01 | AB82: 0.17 | AC82: =TRUE() -> TRUE | AD82: 24.07 | AE82: 12.33 | AF82: 20.42 | AG82: =TRUE() -> TRUE | AH82: 1
A83: sub-028 | B83: ses-2 | C83: EyesClosed | D83: post | E83: FLAG | F83: USABLE_NEEDS_INTERPOLATION | G83: CRITICAL_CHANNEL_BAD; LINE_NOISE; LOW_ALPHA_PROMINENCE; USABLE_NEEDS_INTERPOLATION | H83: PASS | I83: FLAG | J83: PASS | K83: FLAG | L83: PASS | M83: 184 | N83: 1 | O83: Fz | P83: Fz (uncorrelated) | Q83: 1 | R83: Fz | S83: 1 | T83: Fz | U83: =TRUE() -> TRUE | V83: 0.75 | W83: 0.72 | X83: 6.51 | Y83: 315.39 | Z83: 8.25 | AA83: -0.47 | AB83: 4.01 | AC83: =FALSE() -> FALSE | AD83: 20.96 | AE83: 11.55 | AF83: 18.22 | AG83: =TRUE() -> TRUE | AH83: 1
A84: sub-028 | B84: ses-2 | C84: EyesOpen | D84: pre | E84: FLAG | F84: USABLE_NEEDS_INTERPOLATION | G84: LINE_NOISE; NO_ALPHA_BLOCKING; USABLE_NEEDS_INTERPOLATION | H84: PASS | I84: PASS | J84: PASS | K84: FLAG | L84: PASS | M84: 184 | N84: 5 | O84: F3, F4, AF8, F5, F6 | P84: F3 (uncorrelated), F4 (uncorrelated), AF8 (uncorrelated), F5 (uncorrelated), F6 (uncorrelated) | Q84: 0 | S84: 5 | T84: F3, F4, AF8, F5, F6 | U84: =TRUE() -> TRUE | V84: 0.8 | W84: 0.48 | X84: 7.28 | Y84: 336.17 | Z84: 8 | AA84: -0.97 | AB84: 0.17 | AC84: =FALSE() -> FALSE | AD84: 20.78 | AE84: 10.94 | AF84: 18.52 | AG84: =TRUE() -> TRUE | AH84: 1
A85: sub-028 | B85: ses-2 | C85: EyesOpen | D85: post | E85: FLAG | F85: USABLE_NEEDS_INTERPOLATION | G85: LINE_NOISE; USABLE_NEEDS_INTERPOLATION | H85: PASS | I85: PASS | J85: PASS | K85: FLAG | L85: PASS | M85: 185 | N85: 4 | O85: F7, FC2, F5, F6 | P85: F7 (uncorrelated), FC2 (uncorrelated), F5 (uncorrelated), F6 (uncorrelated) | Q85: 0 | S85: 4 | T85: F7, FC2, F5, F6 | U85: =TRUE() -> TRUE | V85: 0.82 | W85: 0.28 | X85: 8.2 | Y85: 416.85 | Z85: 8 | AA85: 0.35 | AB85: 4.01 | AC85: =FALSE() -> FALSE | AD85: 23.13 | AE85: 12.59 | AF85: 19.93 | AG85: =TRUE() -> TRUE | AH85: 1
A86: sub-029 | B86: ses-1 | C86: EyesClosed | D86: pre | E86: FAIL | F86: REJECT | G86: CRITICAL_CHANNEL_BAD; LINE_NOISE; NO_ALPHA_BLOCKING; TOO_MANY_BAD_CHANNELS | H86: PASS | I86: FAIL | J86: PASS | K86: FLAG | L86: PASS | M86: 183 | N86: 12 | O86: Fp1, Fp2, F3, Fz, F4, AF7, AF3, AF4, AF8, F5, F1, F2 | P86: Fp1 (uncorrelated), Fp2 (uncorrelated), F3 (uncorrelated), Fz (uncorrelated), F4 (uncorrelated), AF7 (uncorrelated), AF3 (uncorrelated), AF4 (uncorrelated), AF8 (uncorrelated), F5 (uncorrelated), F1 (uncorrelated), F2 (uncorrelated) | Q86: 1 | R86: Fz | S86: 12 | T86: Fp1, Fp2, F3, Fz, F4, AF7, AF3, AF4, AF8, F5, F1, F2 | U86: =FALSE() -> FALSE | V86: 0.75 | W86: 0.4 | X86: 7.4 | Y86: 339.37 | Z86: 11 | AA86: 6.76 | AB86: 0.42 | AC86: =FALSE() -> FALSE | AD86: 23.31 | AE86: 12.23 | AF86: 17.94 | AG86: =TRUE() -> TRUE | AH86: 1
A87: sub-029 | B87: ses-1 | C87: EyesClosed | D87: post | E87: FLAG | F87: USABLE_NEEDS_INTERPOLATION | G87: CRITICAL_CHANNEL_BAD; USABLE_NEEDS_INTERPOLATION | H87: PASS | I87: FLAG | J87: PASS | K87: PASS | L87: PASS | M87: 183 | N87: 6 | O87: Fp1, Fz, AF3, AF4, F1, F2 | P87: Fp1 (uncorrelated), Fz (uncorrelated), AF3 (uncorrelated), AF4 (uncorrelated), F1 (uncorrelated), F2 (uncorrelated) | Q87: 1 | R87: Fz | S87: 6 | T87: Fp1, Fz, AF3, AF4, F1, F2 | U87: =TRUE() -> TRUE | V87: 0.76 | W87: 0.12 | X87: 7.42 | Y87: 592.96 | Z87: 11 | AA87: 5.91 | AB87: 1.91 | AC87: =FALSE() -> FALSE | AD87: 17.48 | AE87: 7.2 | AF87: 19.07 | AG87: =TRUE() -> TRUE | AH87: 1
A88: sub-029 | B88: ses-1 | C88: EyesOpen | D88: pre | E88: FLAG | F88: USABLE_NEEDS_INTERPOLATION | G88: NO_ALPHA_BLOCKING; USABLE_NEEDS_INTERPOLATION | H88: PASS | I88: PASS | J88: PASS | K88: FLAG | L88: PASS | M88: 184 | N88: 2 | O88: FC1, F6 | P88: FC1 (uncorrelated), F6 (uncorrelated) | Q88: 0 | S88: 2 | T88: FC1, F6 | U88: =TRUE() -> TRUE | V88: 0.74 | W88: 0.92 | X88: 7.83 | Y88: 307.37 | Z88: 8 | AA88: -0.48 | AB88: 0.42 | AC88: =FALSE() -> FALSE | AD88: 13.39 | AE88: 2.87 | AF88: 7.19 | AG88: =TRUE() -> TRUE | AH88: 1
A89: sub-029 | B89: ses-1 | C89: EyesOpen | D89: post | E89: PASS | F89: USABLE_NEEDS_INTERPOLATION | G89: USABLE_NEEDS_INTERPOLATION | H89: PASS | I89: PASS | J89: PASS | K89: PASS | L89: PASS | M89: 184 | N89: 2 | O89: F6, FC3 | P89: F6 (uncorrelated), FC3 (uncorrelated) | Q89: 0 | S89: 2 | T89: F6, FC3 | U89: =TRUE() -> TRUE | V89: 0.73 | W89: 0.2 | X89: 7.81 | Y89: 480.05 | Z89: 8.92 | AA89: 1.8 | AB89: 1.91 | AC89: =FALSE() -> FALSE | AD89: 15.42 | AE89: 5.05 | AF89: 13.85 | AG89: =TRUE() -> TRUE | AH89: 1
A90: sub-031 | B90: ses-1 | C90: EyesClosed | D90: pre | E90: FLAG | F90: USABLE_NEEDS_INTERPOLATION | G90: CRITICAL_CHANNEL_BAD; USABLE_NEEDS_INTERPOLATION | H90: PASS | I90: FLAG | J90: PASS | K90: PASS | L90: PASS | M90: 182 | N90: 2 | O90: Fz, F2 | P90: Fz (uncorrelated), F2 (uncorrelated) | Q90: 1 | R90: Fz | S90: 2 | T90: Fz, F2 | U90: =TRUE() -> TRUE | V90: 0.71 | W90: 0.68 | X90: 9.23 | Y90: 304.05 | Z90: 9.25 | AA90: 11.83 | AB90: 6.59 | AC90: =FALSE() -> FALSE | AD90: 8.83 | AE90: 0.68 | AF90: 2.41 | AG90: =FALSE() -> FALSE | AH90: 1
A91: sub-031 | B91: ses-1 | C91: EyesClosed | D91: post | E91: FLAG | F91: USABLE_NEEDS_INTERPOLATION | G91: CRITICAL_CHANNEL_BAD; USABLE_NEEDS_INTERPOLATION | H91: PASS | I91: FLAG | J91: PASS | K91: PASS | L91: PASS | M91: 182 | N91: 2 | O91: Fz, F1 | P91: Fz (uncorrelated), F1 (uncorrelated) | Q91: 1 | R91: Fz | S91: 2 | T91: Fz, F1 | U91: =TRUE() -> TRUE | V91: 0.77 | W91: 0.68 | X91: 9.65 | Y91: 316.11 | Z91: 9.5 | AA91: 10.01 | AB91: 6.39 | AC91: =FALSE() -> FALSE | AD91: 19.86 | AE91: 5.07 | AF91: 20.18 | AG91: =TRUE() -> TRUE | AH91: 1
A92: sub-031 | B92: ses-1 | C92: EyesOpen | D92: pre | E92: FAIL | F92: REJECT | G92: CRITICAL_CHANNEL_BAD; TOO_MANY_BAD_CHANNELS | H92: PASS | I92: FAIL | J92: PASS | K92: PASS | L92: PASS | M92: 182 | N92: 10 | O92: Fp1, Fp2, Fz, F4, AF7, AF3, AF4, AF8, F1, F2 | P92: Fp1 (uncorrelated), Fp2 (uncorrelated), Fz (uncorrelated), F4 (uncorrelated), AF7 (uncorrelated), AF3 (uncorrelated), AF4 (uncorrelated), AF8 (uncorrelated), F1 (uncorrelated), F2 (uncorrelated) | Q92: 1 | R92: Fz | S92: 10 | T92: Fp1, Fp2, Fz, F4, AF7, AF3, AF4, AF8, F1, F2 | U92: =FALSE() -> FALSE | V92: 0.76 | W92: 0.36 | X92: 7.82 | Y92: 368.58 | Z92: 10 | AA92: 6.26 | AB92: 6.59 | AC92: =FALSE() -> FALSE | AD92: 12.99 | AE92: 0.93 | AF92: 3.21 | AG92: =TRUE() -> TRUE | AH92: 1
A93: sub-031 | B93: ses-1 | C93: EyesOpen | D93: post | E93: FAIL | F93: REJECT | G93: LINE_NOISE; TOO_MANY_BAD_CHANNELS | H93: PASS | I93: FAIL | J93: PASS | K93: FLAG | L93: PASS | M93: 182 | N93: 9 | O93: F3, F4, AF7, AF3, AF4, AF8, F5, F1, F2 | P93: F3 (uncorrelated), F4 (uncorrelated), AF7 (uncorrelated), AF3 (uncorrelated), AF4 (uncorrelated), AF8 (uncorrelated), F5 (uncorrelated), F1 (uncorrelated), F2 (uncorrelated) | Q93: 0 | S93: 9 | T93: F3, F4, AF7, AF3, AF4, AF8, F5, F1, F2 | U93: =FALSE() -> FALSE | V93: 0.78 | W93: 0.2 | X93: 9.01 | Y93: 494.08 | Z93: 9.75 | AA93: 9.82 | AB93: 6.39 | AC93: =FALSE() -> FALSE | AD93: 26.97 | AE93: 10.36 | AF93: 23.56 | AG93: =TRUE() -> TRUE | AH93: 1
A94: sub-032 | B94: ses-1 | C94: EyesClosed | D94: pre | E94: FLAG | F94: USABLE_NEEDS_INTERPOLATION | G94: CRITICAL_CHANNEL_BAD; LINE_NOISE; USABLE_NEEDS_INTERPOLATION | H94: PASS | I94: FLAG | J94: PASS | K94: FLAG | L94: PASS | M94: 184 | N94: 3 | O94: Fz, F1, F2 | P94: Fz (uncorrelated), F1 (uncorrelated), F2 (uncorrelated) | Q94: 1 | R94: Fz | S94: 3 | T94: Fz, F1, F2 | U94: =TRUE() -> TRUE | V94: 0.64 | W94: 0.92 | X94: 10.89 | Y94: 227.17 | Z94: 9.17 | AA94: 8.94 | AB94: 2.8 | AC94: =FALSE() -> FALSE | AD94: 20.31 | AE94: 10.1 | AF94: 18.06 | AG94: =TRUE() -> TRUE | AH94: 1
A95: sub-032 | B95: ses-1 | C95: EyesClosed | D95: post | E95: FLAG | F95: USABLE_NEEDS_INTERPOLATION | G95: CRITICAL_CHANNEL_BAD; LOW_ALPHA_PROMINENCE; USABLE_NEEDS_INTERPOLATION | H95: PASS | I95: FLAG | J95: PASS | K95: FLAG | L95: PASS | M95: 184 | N95: 2 | O95: Fz, F2 | P95: Fz (uncorrelated), F2 (uncorrelated) | Q95: 1 | R95: Fz | S95: 2 | T95: Fz, F2 | U95: =TRUE() -> TRUE | V95: 0.66 | W95: 0.84 | X95: 10.84 | Y95: 320.49 | Z95: 9.25 | AA95: 1.76 | AB95: 3.61 | AC95: =FALSE() -> FALSE | AD95: 4.48 | AE95: 0.65 | AF95: 1.17 | AG95: =FALSE() -> FALSE | AH95: 1
A96: sub-032 | B96: ses-1 | C96: EyesOpen | D96: pre | E96: FAIL | F96: REJECT | G96: CRITICAL_CHANNEL_BAD; LINE_NOISE; TOO_MANY_BAD_CHANNELS | H96: PASS | I96: FAIL | J96: PASS | K96: FLAG | L96: PASS | M96: 183 | N96: 11 | O96: Fp1, Fp2, F3, Fz, F4, AF7, AF3, AF4, AF8, F1, F2 | P96: Fp1 (uncorrelated), Fp2 (uncorrelated), F3 (uncorrelated), Fz (uncorrelated), F4 (uncorrelated), AF7 (uncorrelated), AF3 (uncorrelated), AF4 (uncorrelated), AF8 (uncorrelated), F1 (uncorrelated), F2 (uncorrelated) | Q96: 1 | R96: Fz | S96: 11 | T96: Fp1, Fp2, F3, Fz, F4, AF7, AF3, AF4, AF8, F1, F2 | U96: =FALSE() -> FALSE | V96: 0.66 | W96: 0.48 | X96: 9.91 | Y96: 285.41 | Z96: 9.25 | AA96: 6.21 | AB96: 2.8 | AC96: =FALSE() -> FALSE | AD96: 25.36 | AE96: 14.27 | AF96: 21.91 | AG96: =TRUE() -> TRUE | AH96: 1
